GKEY,TRUCK_ENTERED,EDATE,PHOUR,EXITED,PICK_YARD_POS,PICK_ROW_NBR,tv_trans_count,DROP_POS_ID,DROP_POS,DIST,DROP_ROW_NBR,DROP_POS_ID_FLD,DROP_POS_FLD,DIST_FLD,DROP_ROW_NBR_FLD,TT_MIN,TGT_TT,ROW_Feature,RTG,HAD_TROUBLE,TRK_IN_BTW,TRK_OPP,TOT,TRK_IN_ROW,TIER,AVG_30_MIN,RTG_Count
11510802,17-JAN-19 10:30:00,2019-01-17,11,17-JAN-19 11:54:34,183,L,2,381F2.B,381,262,F,381F3.C,381,272,F,18,1,9,RTG23,0,2,7,9,29,2,30.42857143,2
11510401,17-JAN-19 09:29:03,2019-01-17,9,17-JAN-19 10:54:23,272,I,2,430M8.B,430,302,M,430M10.B,430,312,M,8,1,6,RTG16,0,3,1,4,32,3,30.13333333,5
11510595,17-JAN-19 09:58:50,2019-01-17,10,17-JAN-19 10:31:15,268,I,2,122B4.D,122,606,B,122B4.C,122,616,B,8,1,16,RTG14,0,2,3,5,34,2,26.05263158,5
11510606,17-JAN-19 10:00:59,2019-01-17,10,17-JAN-19 10:54:37,122,L,2,426E3.B,426,156,E,426E3.C,426,166,E,8,1,10,RTG9,0,4,1,5,39,2,39.57142857,4
11510817,17-JAN-19 10:32:15,2019-01-17,11,17-JAN-19 11:41:57,164,L,2,122B1.B,122,502,B,122B2.B,122,512,B,19,1,13,RTG23,0,4,6,10,31,1,31,2
11510736,17-JAN-19 10:20:04,2019-01-17,10,17-JAN-19 10:49:20,364,K,2,260M8.E,260,564,M,260M9.D,260,574,M,9,1,4,RTG20,0,6,5,11,32,1,50.73076923,4
11511726,17-JAN-19 13:02:38,2019-01-17,13,17-JAN-19 13:31:19,157,I,2,255B3.A,255,362,B,255B4.D,255,372,B,9,1,16,RTG6,0,13,9,22,66,1,38,2
11511977,17-JAN-19 13:41:22,2019-01-17,14,17-JAN-19 14:34:48,159,I,2,105D2.D,105,514,D,105D2.D,105,524,D,9,1,14,RTG6,0,6,12,18,52,1,47.69565217,4
11509837,17-JAN-19 07:53:54,2019-01-17,8,17-JAN-19 08:44:02,410,L,2,356B4.D,356,514,B,356B4.C,356,524,B,10,1,13,RTG9,0,4,6,10,31,1,27.83333333,2
11510527,17-JAN-19 09:47:31,2019-01-17,10,17-JAN-19 10:28:32,360,I,2,260M6.B,260,560,M,260M6.D,260,570,M,10,1,6,RTG16,0,7,2,9,33,2,33.2,5
11510617,17-JAN-19 10:02:04,2019-01-17,10,17-JAN-19 11:15:36,134,I,2,430M6.A,430,164,M,430M9.C,430,174,M,10,1,6,RTG14,0,2,4,6,34,1,24.94736842,5
11510775,17-JAN-19 10:25:29,2019-01-17,10,17-JAN-19 12:03:33,425,K,2,383A4.C,383,502,A,383A4.C,383,512,A,10,1,15,RTG20,0,1,11,12,35,1,47.39130435,4
11510170,17-JAN-19 08:48:07,2019-01-17,9,17-JAN-19 09:40:32,418,I,2,260M2.C,260,618,M,260M2.B,260,628,M,11,1,6,RTG7,0,0,2,2,37,1,28.375,5
11510398,17-JAN-19 09:28:35,2019-01-17,9,17-JAN-19 10:01:55,171,L,2,451E6.B,451,180,E,451E7.B,451,190,E,11,1,10,RTG9,0,1,6,7,41,2,52.76470588,4
11510476,17-JAN-19 09:39:57,2019-01-17,10,17-JAN-19 11:07:00,238,K,2,430M8.E,430,268,M,430M9.A,430,278,M,11,1,4,RTG20,0,9,4,13,51,1,28.88888889,4
11510485,17-JAN-19 09:41:35,2019-01-17,10,17-JAN-19 10:13:37,329,I,2,333F4.D,333,456,F,333F4.D,333,466,F,11,1,12,RTG16,0,0,7,7,35,1,30.8125,5
11510626,17-JAN-19 10:03:49,2019-01-17,10,17-JAN-19 10:42:43,264,I,2,260M8.C,260,464,M,260M8.B,260,474,M,11,1,6,RTG16,0,3,4,7,33,1,25.40909091,5
11510651,17-JAN-19 10:07:13,2019-01-17,10,17-JAN-19 10:46:17,272,I,2,260M8.D,260,472,M,260M8.D,260,482,M,11,1,6,RTG16,0,4,3,7,32,2,25.22727273,5
11510664,17-JAN-19 10:08:47,2019-01-17,10,17-JAN-19 11:32:59,122,K,2,472C2.D,472,110,C,472C2.C,472,120,C,11,1,13,RTG5,0,0,12,12,35,3,51.72,4
11510687,17-JAN-19 10:11:33,2019-01-17,10,17-JAN-19 11:19:06,210,I,2,142H1.D,142,528,H,142H1.D,142,538,H,11,1,11,RTG14,0,0,7,7,33,1,28.65,5
11510709,17-JAN-19 10:15:36,2019-01-17,10,17-JAN-19 11:02:43,230,I,2,330C2.D,330,360,C,330C2.D,330,370,C,11,1,15,RTG16,0,6,4,10,32,1,25.05,5
11510820,17-JAN-19 10:32:35,2019-01-17,11,17-JAN-19 12:52:11,288,J,2,306N4.B,306,442,N,306N4.A,306,452,N,100,3,4,RTG24,0,2,6,8,51,3,56.35714286,2
11510822,17-JAN-19 10:32:58,2019-01-17,11,17-JAN-19 13:07:39,157,I,2,451E3.B,451,166,E,451E9.D,451,176,E,80,3,13,RTG6,0,2,0,2,31,1,17.81818182,2
11511550,17-JAN-19 12:35:29,2019-01-17,13,17-JAN-19 13:22:25,376,I,2,430M3.C,430,406,M,430M7.E,430,416,M,11,1,6,RTG10,0,16,4,20,57,1,15.27272727,2
11510828,17-JAN-19 10:33:49,2019-01-17,11,17-JAN-19 11:43:25,257,I,2,257B1.A,257,460,B,257B1.A,257,470,B,34,2,16,RTG14,0,5,3,8,32,1,18.04545455,2
11510580,17-JAN-19 09:55:35,2019-01-17,10,17-JAN-19 10:44:13,352,K,2,260M8.C,260,552,M,260M8.A,260,562,M,12,1,4,RTG5,0,7,4,11,45,4,51.25,4
11511219,17-JAN-19 11:34:52,2019-01-17,12,17-JAN-19 12:35:39,406,L,2,272M7.D,272,594,M,272M6.D,272,604,M,12,1,3,RTG23,0,12,0,12,41,1,26.38461538,4
11511265,17-JAN-19 11:42:09,2019-01-17,12,17-JAN-19 12:48:48,67,L,2,105D4.A,105,422,D,105D4.B,105,432,D,12,1,11,RTG25,0,0,11,11,44,1,23.85714286,4
11512379,17-JAN-19 14:40:37,2019-01-17,15,17-JAN-19 16:00:29,356,J,2,242B7.B,242,574,B,242B7.C,242,584,B,12,1,15,RTG24,0,5,6,11,67,1,88.125,3
11512701,17-JAN-19 15:34:03,2019-01-17,16,17-JAN-19 17:00:25,427,J,2,129H6.A,129,758,H,129H5.A,129,768,H,12,1,10,RTG24,0,4,8,12,66,1,91.35714286,2
11509544,17-JAN-19 06:51:57,2019-01-17,7,17-JAN-19 07:49:09,126,L,2,226H6.D,226,360,H,226H6.B,226,370,H,13,1,8,RTG25,0,0,1,1,13,4,11.66666667,2
11510832,17-JAN-19 10:34:02,2019-01-17,11,17-JAN-19 11:30:43,284,L,2,430M5.D,430,314,M,430M8.D,430,324,M,11,1,3,RTG11,0,1,7,8,29,1,33.68421053,2
11510294,17-JAN-19 09:10:01,2019-01-17,9,17-JAN-19 10:12:02,264,I,2,260M5.B,260,464,M,260M5.A,260,474,M,13,1,6,RTG16,0,0,2,2,35,4,24.69230769,5
11510431,17-JAN-19 09:33:43,2019-01-17,10,17-JAN-19 10:04:49,325,L,2,149B5.A,149,636,B,149B6.D,149,646,B,13,1,13,RTG11,0,7,5,12,41,2,50.89473684,4
11510461,17-JAN-19 09:37:29,2019-01-17,10,17-JAN-19 10:12:42,151,I,2,451E5.A,451,160,E,451E6.B,451,170,E,13,1,13,RTG10,0,5,1,6,36,1,35.07142857,5
11510807,17-JAN-19 10:29:32,2019-01-17,10,17-JAN-19 11:44:14,173,L,2,381F3.D,381,252,F,381F3.D,381,262,F,13,1,9,RTG23,0,1,7,8,28,1,30.42857143,4
11511393,17-JAN-19 12:08:03,2019-01-17,12,17-JAN-19 12:53:04,422,I,2,272M8.D,272,610,M,272M8.A,272,620,M,13,1,6,RTG16,0,1,2,3,46,2,28.42857143,4
11511808,17-JAN-19 13:15:12,2019-01-17,13,17-JAN-19 14:20:40,463,I,2,463B5.B,463,460,B,463B5.A,463,470,B,13,1,16,RTG14,0,0,3,3,55,1,58.57142857,2
11512092,17-JAN-19 14:00:48,2019-01-17,14,17-JAN-19 14:40:22,370,K,2,430M3.C,430,400,M,430M4.D,430,410,M,13,1,4,RTG5,0,0,11,11,46,1,63.83333333,4
11512889,17-JAN-19 16:14:52,2019-01-17,16,17-JAN-19 17:12:10,352,K,2,376N4.B,376,436,N,376N4.C,376,446,N,13,1,3,RTG20,0,11,12,23,47,1,46.72222222,2
11509518,17-JAN-19 06:40:43,2019-01-17,7,17-JAN-19 07:26:41,365,L,2,241D3.D,241,584,D,241D3.D,241,594,D,14,1,11,RTG9,0,3,7,10,12,1,12,2
11510831,17-JAN-19 10:34:10,2019-01-17,11,17-JAN-19 12:09:34,202,L,2,430M5.E,430,232,M,430M8.B,430,242,M,54,2,3,RTG23,0,1,10,11,30,1,33.68421053,2
11510838,17-JAN-19 10:34:30,2019-01-17,11,17-JAN-19 13:24:26,111,J,2,257B1.B,257,314,B,257B1.B,257,324,B,133,3,15,RTG21,0,1,0,1,51,3,56.33333333,2
11509738,17-JAN-19 07:33:01,2019-01-17,8,17-JAN-19 08:12:12,134,I,2,434M1.C,434,160,M,434M1.B,434,170,M,14,1,6,RTG6,0,8,0,8,19,1,56.5,2
11509767,17-JAN-19 07:39:24,2019-01-17,8,17-JAN-19 08:16:30,92,I,2,430M12.C,430,122,M,430M13.B,430,132,M,14,1,6,RTG6,0,8,0,8,20,3,56.5,2
11509899,17-JAN-19 08:05:44,2019-01-17,8,17-JAN-19 08:37:32,175,L,2,453E4.B,453,182,E,453E5.D,453,192,E,14,1,10,RTG25,0,7,8,15,36,1,25,2
11509986,17-JAN-19 08:18:13,2019-01-17,8,17-JAN-19 08:53:51,141,K,2,277B2.B,277,324,B,277B3.B,277,334,B,14,1,14,RTG12,0,2,2,4,26,2,2,2
11510173,17-JAN-19 08:48:50,2019-01-17,9,17-JAN-19 09:43:16,422,I,2,260M3.A,260,622,M,260M2.C,260,632,M,14,1,6,RTG7,0,0,3,3,38,3,28.375,5
11510302,17-JAN-19 09:11:42,2019-01-17,9,17-JAN-19 09:50:55,361,L,2,149B6.C,149,672,B,149B6.B,149,682,B,14,1,13,RTG11,0,0,9,9,43,1,29.7,4
11510316,17-JAN-19 09:13:58,2019-01-17,9,17-JAN-19 09:52:31,75,L,2,277B2.D,277,258,B,277B2.C,277,268,B,14,1,13,RTG25,0,4,3,7,42,2,38,4
11510525,17-JAN-19 09:46:57,2019-01-17,10,17-JAN-19 10:32:50,75,L,2,257B2.A,257,278,B,257B2.A,257,288,B,14,1,13,RTG25,0,0,5,5,38,1,49.33333333,4
11510614,17-JAN-19 10:00:14,2019-01-17,10,17-JAN-19 10:38:11,261,K,2,451E5.D,451,270,E,451E5.D,451,280,E,14,1,11,RTG13,0,3,0,3,42,2,55.11111111,4
11511898,17-JAN-19 13:29:27,2019-01-17,13,17-JAN-19 15:49:24,180,K,2,252D4.D,252,388,D,252D5.D,252,398,D,14,1,12,RTG13,0,12,0,12,41,1,45.77777778,2
11510003,17-JAN-19 08:21:45,2019-01-17,8,17-JAN-19 09:01:36,363,L,2,257B4.A,257,566,B,257B4.A,257,576,B,15,1,13,RTG9,0,5,7,12,35,1,28,2
11510224,17-JAN-19 08:58:11,2019-01-17,9,17-JAN-19 10:03:29,214,L,2,260M4.A,260,414,M,260M4.A,260,424,M,15,1,3,RTG23,0,0,6,6,40,1,24.58333333,4
11510367,17-JAN-19 09:23:12,2019-01-17,9,17-JAN-19 10:36:17,306,K,2,206C5.D,206,560,C,206C5.C,206,570,C,15,1,13,RTG13,0,8,1,9,52,1,22.08333333,4
11510756,17-JAN-19 10:22:40,2019-01-17,10,17-JAN-19 11:44:11,423,K,2,381F3.B,381,502,F,381F3.B,381,512,F,15,1,10,RTG20,0,2,11,13,35,3,50.73076923,4
11510843,17-JAN-19 10:36:05,2019-01-17,11,17-JAN-19 12:04:03,284,J,2,272M1.B,272,472,M,272M1.A,272,482,M,56,2,5,RTG24,0,4,5,9,50,2,57.125,2
11510844,17-JAN-19 10:36:11,2019-01-17,11,17-JAN-19 11:19:50,110,L,2,184C1.D,184,386,C,184C1.D,184,396,C,22,1,12,RTG23,0,8,3,11,29,2,34.38888889,2
11511483,17-JAN-19 12:23:33,2019-01-17,12,17-JAN-19 13:25:04,339,I,2,417F2.D,417,382,F,417F2.D,417,392,F,15,1,12,RTG10,0,10,5,15,51,1,26.375,4
11510853,17-JAN-19 10:36:58,2019-01-17,11,17-JAN-19 12:11:49,456,H,2,272M2.A,272,644,M,272M3.A,272,654,M,58,2,7,RTG2,0,4,2,6,9,2,6,1
11509867,17-JAN-19 08:00:30,2019-01-17,8,17-JAN-19 08:33:21,168,L,2,430M11.D,430,198,M,430M13.D,430,208,M,16,1,3,RTG25,0,3,11,14,32,1,30,2
11509968,17-JAN-19 08:15:09,2019-01-17,8,17-JAN-19 08:51:53,234,I,2,430M10.D,430,264,M,430M10.A,430,274,M,16,1,6,RTG6,0,7,6,13,28,3,19,2
11510039,17-JAN-19 08:27:52,2019-01-17,8,17-JAN-19 09:03:01,263,K,2,453E3.C,453,270,E,453E3.B,453,280,E,16,1,11,RTG12,0,4,0,4,29,1,15.66666667,2
11510129,17-JAN-19 08:42:09,2019-01-17,9,17-JAN-19 09:12:29,272,J,2,430M9.D,430,302,M,430M11.A,430,312,M,16,1,5,RTG21,0,2,9,11,34,3,35.33333333,3
11510593,17-JAN-19 09:58:41,2019-01-17,10,17-JAN-19 11:11:11,146,I,2,180A4.B,180,426,A,180A4.B,180,436,A,16,1,17,RTG14,0,1,3,4,33,3,26.05263158,5
11512451,17-JAN-19 14:51:16,2019-01-17,15,17-JAN-19 15:45:55,418,I,2,252B4.C,252,626,B,252B4.C,252,636,B,16,1,16,RTG16,0,1,8,9,47,3,59.625,3
11509629,17-JAN-19 07:11:26,2019-01-17,7,17-JAN-19 08:00:00,334,J,2,356B5.B,356,438,B,356B7.B,356,448,B,17,1,15,RTG8,0,3,4,7,15,3,15.16666667,2
11509970,17-JAN-19 08:15:18,2019-01-17,8,17-JAN-19 09:11:06,384,H,2,356B2.C,356,488,B,356B3.D,356,498,B,17,1,17,RTG4,0,4,3,7,8,1,27.5,1
11510851,17-JAN-19 10:36:58,2019-01-17,11,17-JAN-19 13:49:03,85,J,2,149B3.A,149,396,B,149B4.C,149,406,B,171,3,15,RTG8,0,2,6,8,50,1,56.88235294,2
11509895,17-JAN-19 08:04:13,2019-01-17,8,17-JAN-19 08:40:08,126,K,2,430M11.E,430,156,M,430M11.A,430,166,M,17,1,4,RTG12,0,2,2,4,22,2,5.888888889,2
11510064,17-JAN-19 08:32:13,2019-01-17,9,17-JAN-19 09:08:44,342,L,2,356B1.D,356,446,B,356B1.D,356,456,B,17,1,13,RTG9,0,7,4,11,35,1,26.69230769,4
11510363,17-JAN-19 09:22:29,2019-01-17,9,17-JAN-19 09:58:12,365,L,2,451E6.A,451,374,E,451E8.D,451,384,E,17,1,10,RTG11,0,7,4,11,41,1,49.85714286,4
11510388,17-JAN-19 09:27:02,2019-01-17,9,17-JAN-19 10:16:44,189,L,2,105E1.C,105,544,E,105E1.C,105,554,E,17,1,10,RTG9,0,0,6,6,41,2,53.875,4
11510440,17-JAN-19 09:34:55,2019-01-17,10,17-JAN-19 10:08:26,137,K,2,451E6.D,451,146,E,451E7.D,451,156,E,17,1,11,RTG5,0,0,13,13,49,1,29.63636364,4
11510449,17-JAN-19 09:36:19,2019-01-17,10,17-JAN-19 11:03:35,234,K,2,430M8.C,430,264,M,430M10.C,430,274,M,17,1,4,RTG20,0,12,2,14,50,2,29.63636364,4
11510531,17-JAN-19 09:47:37,2019-01-17,10,17-JAN-19 10:40:38,338,L,2,260M6.C,260,538,M,260M7.A,260,548,M,17,1,3,RTG11,0,1,11,12,39,1,50.19047619,4
11510545,17-JAN-19 09:50:02,2019-01-17,10,17-JAN-19 11:06:30,160,L,2,430M7.B,430,190,M,430M7.A,430,200,M,17,1,3,RTG23,0,1,2,3,39,4,45.15,4
11510620,17-JAN-19 10:03:13,2019-01-17,10,17-JAN-19 10:51:23,80,L,2,114A2.D,114,426,A,114A2.D,114,436,A,17,1,14,RTG25,0,0,5,5,37,4,35.79166667,4
11512319,17-JAN-19 14:30:25,2019-01-17,15,17-JAN-19 15:27:58,414,I,2,134N3.D,134,740,N,134N3.D,134,750,N,17,1,5,RTG16,0,0,9,9,50,2,62.6,3
11509645,17-JAN-19 07:14:32,2019-01-17,7,17-JAN-19 08:04:18,334,J,2,210N4.C,210,584,N,210N4.D,210,594,N,18,1,4,RTG8,0,3,4,7,16,3,15.16666667,2
11512917,17-JAN-19 16:21:28,2019-01-17,16,17-JAN-19 17:18:01,276,H,2,242B2.D,242,494,B,242B1.B,242,504,B,18,1,17,RTG2,0,3,5,8,10,2,52,1
11510156,17-JAN-19 08:45:45,2019-01-17,9,17-JAN-19 09:33:32,345,L,2,149B7.C,149,656,B,149B7.B,149,666,B,18,1,13,RTG23,0,0,5,5,39,1,22.18181818,4
11510410,17-JAN-19 09:29:58,2019-01-17,9,17-JAN-19 10:23:30,255,I,2,241D1.A,241,474,D,241D1.A,241,484,D,18,1,14,RTG16,0,4,0,4,33,1,30.13333333,5
11510550,17-JAN-19 09:50:34,2019-01-17,10,17-JAN-19 11:07:38,72,I,2,430M7.C,430,102,M,430M10.D,430,112,M,18,1,6,RTG14,0,1,1,2,33,4,27.38095238,5
11510854,17-JAN-19 10:37:08,2019-01-17,11,17-JAN-19 11:17:52,342,L,2,272M2.B,272,530,M,272M2.A,272,540,M,15,1,3,RTG11,0,0,10,10,31,3,33.76470588,2
11511825,17-JAN-19 13:17:59,2019-01-17,13,17-JAN-19 13:57:13,214,L,2,272M9.B,272,402,M,272M9.A,272,412,M,18,1,3,RTG25,0,3,5,8,40,1,49.14285714,2
11512198,17-JAN-19 14:15:43,2019-01-17,14,17-JAN-19 15:28:54,465,I,2,463B1.C,463,462,B,463B1.B,463,472,B,18,1,16,RTG16,0,0,6,6,48,1,51.84615385,4
11509714,17-JAN-19 07:29:01,2019-01-17,7,17-JAN-19 08:30:42,309,J,2,141F1.B,141,628,F,141F1.B,141,638,F,19,1,11,RTG8,0,3,6,9,19,1,31.4,2
11509769,17-JAN-19 07:39:28,2019-01-17,8,17-JAN-19 08:55:49,202,I,2,356B4.A,356,306,B,356B4.A,356,316,B,19,1,16,RTG6,0,1,8,9,21,1,56.5,2
11509771,17-JAN-19 07:40:16,2019-01-17,8,17-JAN-19 08:26:41,175,L,2,105E1.A,105,530,E,105E1.A,105,540,E,19,1,10,RTG25,0,1,11,12,27,1,31,2
11509831,17-JAN-19 07:52:41,2019-01-17,8,17-JAN-19 08:56:48,206,I,2,222B2.A,222,444,B,222B2.A,222,454,B,19,1,16,RTG6,0,1,10,11,22,1,34.88888889,2
11510157,17-JAN-19 08:46:21,2019-01-17,9,17-JAN-19 09:43:06,310,H,2,122B5.C,122,648,B,122B5.D,122,658,B,19,1,17,RTG4,0,5,1,6,10,1,26.75,2
11509982,17-JAN-19 08:17:33,2019-01-17,8,17-JAN-19 10:03:17,169,I,4,101D2.D,101,528,D,101D2.D,101,169,D,19,1,14,RTG6,0,1,14,15,29,1,19.23076923,2
11509988,17-JAN-19 08:18:42,2019-01-17,8,17-JAN-19 09:27:26,130,J,2,306N2.C,306,284,N,306N2.C,306,294,N,19,1,4,RTG8,0,2,9,11,25,2,15.33333333,2
11510121,17-JAN-19 08:40:35,2019-01-17,9,17-JAN-19 09:17:28,276,K,2,430M9.B,430,306,M,430M9.A,430,316,M,19,1,4,RTG12,0,8,1,9,37,2,25.57142857,4
11510305,17-JAN-19 09:12:01,2019-01-17,9,17-JAN-19 09:48:02,423,J,2,451E9.C,451,432,E,451E9.C,451,442,E,19,1,12,RTG24,0,0,4,4,39,2,22.44444444,3
11510357,17-JAN-19 09:21:19,2019-01-17,9,17-JAN-19 10:01:13,367,L,2,451E7.C,451,376,E,451E7.A,451,386,E,19,1,10,RTG11,0,5,5,10,40,2,49.85714286,4
11510491,17-JAN-19 09:42:20,2019-01-17,10,17-JAN-19 10:20:36,322,I,2,276F4.D,276,506,F,276F4.D,276,516,F,19,1,12,RTG16,0,1,7,8,35,3,29.77777778,5
11510549,17-JAN-19 09:50:24,2019-01-17,10,17-JAN-19 10:34:12,415,K,2,451E5.C,451,424,E,451E5.B,451,434,E,19,1,11,RTG20,0,5,6,11,46,3,44.23076923,4
11510859,17-JAN-19 10:37:17,2019-01-17,11,17-JAN-19 11:46:23,214,J,2,272M2.C,272,402,M,272M2.B,272,412,M,42,2,5,RTG7,0,9,7,16,51,1,56.88235294,2
11510858,17-JAN-19 10:37:50,2019-01-17,11,17-JAN-19 12:28:07,465,I,2,451E3.C,451,474,E,451E4.C,451,484,E,11,1,13,RTG16,0,7,3,10,32,3,9.523809524,2
11511338,17-JAN-19 11:59:56,2019-01-17,12,17-JAN-19 12:50:25,452,I,2,252B6.C,252,660,B,252B6.C,252,670,B,19,1,16,RTG16,0,1,2,3,43,1,30.85714286,4
11511615,17-JAN-19 12:44:36,2019-01-17,13,17-JAN-19 13:30:28,114,J,2,122H3.D,122,452,H,122H3.C,122,462,H,19,1,10,RTG21,0,5,12,17,55,1,57.16666667,2
11511970,17-JAN-19 13:40:11,2019-01-17,14,17-JAN-19 14:19:13,176,K,2,430M1.D,430,206,M,430M3.A,430,216,M,19,1,4,RTG12,0,0,5,5,42,1,45.66666667,4
11512120,17-JAN-19 14:04:55,2019-01-17,14,17-JAN-19 15:34:46,322,J,2,176B3.D,176,606,B,176B2.A,176,616,B,19,1,15,RTG7,0,0,27,27,69,3,141.3333333,5
11510248,17-JAN-19 09:02:49,2019-01-17,9,17-JAN-19 10:36:57,384,H,2,260M4.C,260,584,M,260M4.B,260,594,M,20,1,7,RTG4,0,2,3,5,10,3,29.4,2
11510778,17-JAN-19 10:26:01,2019-01-17,10,17-JAN-19 11:14:55,334,H,2,306B1.B,306,488,B,306B2.D,306,498,B,20,1,17,RTG2,0,0,5,5,9,3,33.5,2
11510424,17-JAN-19 09:32:55,2019-01-17,10,17-JAN-19 10:09:50,205,L,2,260M7.A,260,405,M,260M5.E,260,415,M,20,1,3,RTG9,0,0,7,7,42,3,53.41176471,4
11510518,17-JAN-19 09:46:43,2019-01-17,10,17-JAN-19 10:23:58,151,I,2,101D1.D,101,510,D,101D1.D,101,520,D,20,1,14,RTG10,0,4,2,6,32,1,33.2,5
11510861,17-JAN-19 10:38:12,2019-01-17,11,17-JAN-19 11:25:45,71,L,2,105D5.C,105,426,D,105D5.C,105,436,D,22,1,11,RTG23,0,11,1,12,32,1,34.0625,2
11511480,17-JAN-19 12:23:30,2019-01-17,12,17-JAN-19 14:13:15,255,I,2,245B8.B,245,470,B,245B8.B,245,480,B,20,1,16,RTG6,0,21,2,23,50,1,26.375,4
11510638,17-JAN-19 10:05:59,2019-01-17,10,17-JAN-19 10:49:01,352,H,2,122B3.B,122,690,B,122B4.D,122,700,B,21,1,17,RTG2,0,1,1,2,6,2,37.33333333,2
11510005,17-JAN-19 08:22:09,2019-01-17,8,17-JAN-19 09:00:41,276,J,2,172B7.C,172,564,B,172B7.D,172,574,B,21,1,15,RTG21,0,3,5,8,27,1,35,2
11510060,17-JAN-19 08:31:19,2019-01-17,9,17-JAN-19 09:06:37,357,I,2,453E2.A,453,364,E,453E3.C,453,374,E,21,1,13,RTG10,0,7,5,12,31,2,22.25,5
11510148,17-JAN-19 08:45:21,2019-01-17,9,17-JAN-19 09:27:21,126,I,2,430M8.A,430,156,M,430M11.B,430,166,M,21,1,6,RTG6,0,9,4,13,32,3,25.6,5
11510270,17-JAN-19 09:05:59,2019-01-17,9,17-JAN-19 09:50:16,365,L,2,257B4.C,257,568,B,257B4.C,257,578,B,21,1,13,RTG11,0,0,8,8,43,1,27.54545455,4
11510292,17-JAN-19 09:09:33,2019-01-17,9,17-JAN-19 09:56:50,255,K,2,257B3.A,257,458,B,257B4.D,257,468,B,21,1,14,RTG12,0,4,4,8,47,3,25.66666667,4
11510541,17-JAN-19 09:49:25,2019-01-17,10,17-JAN-19 10:27:43,205,L,2,149B5.D,149,516,B,149B5.C,149,526,B,21,1,13,RTG23,0,0,2,2,39,3,46.33333333,4
11510866,17-JAN-19 10:38:51,2019-01-17,11,17-JAN-19 14:27:30,376,J,2,430M4.C,430,406,M,430M8.C,430,416,M,194,3,5,RTG7,0,2,15,17,50,4,53.77777778,2
11511518,17-JAN-19 12:28:46,2019-01-17,12,17-JAN-19 13:23:15,207,K,2,105D3.A,105,562,D,105D4.D,105,572,D,21,1,12,RTG12,0,6,6,12,28,3,23.66666667,3
11511786,17-JAN-19 13:11:53,2019-01-17,13,17-JAN-19 13:53:36,88,I,2,272M8.E,272,276,M,272M8.E,272,286,M,21,1,6,RTG6,0,17,4,21,58,3,56.27777778,2
11512073,17-JAN-19 13:57:04,2019-01-17,14,17-JAN-19 18:31:27,77,J,2,105D1.D,105,432,D,105D1.C,105,442,D,21,1,13,RTG8,0,6,3,9,69,1,135.75,5
11512133,17-JAN-19 14:06:52,2019-01-17,14,17-JAN-19 15:22:50,413,K,2,463B2.C,463,410,B,463B2.A,463,420,B,21,1,14,RTG20,0,0,13,13,48,3,60.14285714,4
11512135,17-JAN-19 14:07:11,2019-01-17,14,17-JAN-19 15:31:28,360,K,2,252B5.D,252,568,B,252B5.D,252,578,B,21,1,14,RTG20,0,0,14,14,49,1,60.14285714,4
11509697,17-JAN-19 07:25:03,2019-01-17,7,17-JAN-19 09:02:04,230,K,2,356B4.A,356,334,B,356B5.C,356,344,B,22,1,14,RTG13,0,6,1,7,19,1,27.25,2
11509791,17-JAN-19 07:44:57,2019-01-17,8,17-JAN-19 08:33:41,164,K,2,484C4.C,484,140,C,484C4.B,484,150,C,22,1,13,RTG12,0,0,4,4,19,4,28.3,2
11509987,17-JAN-19 08:16:49,2019-01-17,8,17-JAN-19 08:54:47,361,L,2,453E3.C,453,368,E,453E4.B,453,378,E,22,1,10,RTG9,0,1,9,10,34,3,26.84615385,2
11510013,17-JAN-19 08:23:37,2019-01-17,8,17-JAN-19 09:09:40,276,J,2,356B2.D,356,380,B,356B2.B,356,390,B,22,1,15,RTG21,0,4,5,9,29,3,35,2
11510076,17-JAN-19 08:34:57,2019-01-17,9,17-JAN-19 09:15:21,272,I,2,460M1.E,460,272,M,460M1.E,460,282,M,22,1,6,RTG10,0,9,3,12,31,2,23.33333333,5
11510199,17-JAN-19 08:52:45,2019-01-17,9,17-JAN-19 09:55:13,410,I,2,260M3.B,260,610,M,260M3.A,260,620,M,22,1,6,RTG7,0,0,4,4,39,2,28.625,5
11510289,17-JAN-19 09:09:21,2019-01-17,9,17-JAN-19 10:15:05,110,K,2,456C4.C,456,114,C,456C4.C,456,124,C,22,1,13,RTG5,0,0,10,10,46,1,24.72727273,4
11510326,17-JAN-19 09:15:24,2019-01-17,9,17-JAN-19 09:54:08,423,J,2,451E8.B,451,432,E,451E8.A,451,442,E,22,1,12,RTG24,0,0,5,5,40,1,21.8,3
11510868,17-JAN-19 10:39:02,2019-01-17,11,17-JAN-19 11:17:29,338,H,2,272M3.A,272,526,M,274M2.D,274,534,M,9,1,7,RTG2,0,1,5,6,9,1,6.75,1
11510871,17-JAN-19 10:39:15,2019-01-17,11,17-JAN-19 13:14:30,123,J,2,257B1.C,257,326,B,257B1.C,257,336,B,112,3,15,RTG21,0,1,1,2,51,2,53.77777778,2
11511201,17-JAN-19 11:31:57,2019-01-17,12,17-JAN-19 12:20:34,421,J,2,451E1.C,451,430,E,451E2.A,451,440,E,22,1,12,RTG20,0,0,4,4,54,1,60.7,4
11511699,17-JAN-19 12:57:59,2019-01-17,13,17-JAN-19 14:18:06,138,J,2,252B5.A,252,346,B,252B5.A,252,356,B,22,1,15,RTG21,0,4,13,17,58,2,47.54545455,2
11512429,17-JAN-19 14:47:43,2019-01-17,15,17-JAN-19 16:07:40,368,I,2,114B6.D,114,714,B,114B6.D,114,724,B,22,1,16,RTG16,0,0,8,8,51,1,65.14285714,3
11509576,17-JAN-19 07:01:49,2019-01-17,7,17-JAN-19 08:06:11,80,L,2,356B6.A,356,184,B,356B5.D,356,194,B,23,1,13,RTG25,0,0,3,3,16,2,10.5,2
11509743,17-JAN-19 07:33:41,2019-01-17,8,17-JAN-19 08:22:32,106,L,2,122B3.B,122,444,B,122B3.A,122,454,B,23,1,13,RTG25,0,0,9,9,22,3,25.25,2
11510023,17-JAN-19 08:25:11,2019-01-17,8,17-JAN-19 09:09:12,325,I,2,149B7.A,149,636,B,149B8.D,149,646,B,23,1,16,RTG10,0,0,11,11,29,1,18.88888889,2
11510054,17-JAN-19 08:30:28,2019-01-17,9,17-JAN-19 09:25:20,276,K,2,172B6.B,172,564,B,172B6.A,172,574,B,23,1,14,RTG12,0,5,1,6,32,1,20.28571429,4
11509914,17-JAN-19 08:07:25,2019-01-17,8,17-JAN-19 08:45:09,418,H,2,430M11.E,430,448,M,430M11.A,430,458,M,23,1,7,RTG4,0,2,2,4,6,2,31,1
11510874,17-JAN-19 10:39:52,2019-01-17,11,17-JAN-19 11:45:22,214,J,2,272M3.B,272,402,M,272M2.C,272,412,M,39,2,5,RTG7,0,10,8,18,52,3,53.68421053,2
11511697,17-JAN-19 12:57:34,2019-01-17,13,17-JAN-19 13:38:25,280,H,2,252B6.D,252,488,B,252B6.D,252,498,B,23,1,17,RTG4,0,3,10,13,19,2,28,1
11510441,17-JAN-19 09:30:28,2019-01-17,10,17-JAN-19 10:16:58,372,I,2,122B4.A,122,710,B,122B4.A,122,720,B,23,1,16,RTG7,0,3,2,5,34,1,30.13333333,5
11510703,17-JAN-19 10:14:51,2019-01-17,10,17-JAN-19 11:26:45,372,I,2,114H3.A,114,718,H,114H3.A,114,728,H,23,1,11,RTG16,0,1,8,9,31,4,25.57142857,5
11510772,17-JAN-19 10:25:13,2019-01-17,10,17-JAN-19 12:07:20,368,I,2,356B7.D,356,472,B,356B7.D,356,482,B,23,1,16,RTG16,0,0,10,10,29,2,24.20833333,5
11510792,17-JAN-19 10:28:21,2019-01-17,10,17-JAN-19 11:33:59,75,L,2,257B2.D,257,278,B,257B2.D,257,288,B,23,1,13,RTG23,0,3,4,7,27,1,30.42857143,4
11511425,17-JAN-19 12:13:58,2019-01-17,12,17-JAN-19 13:08:08,138,J,2,222B3.D,222,376,B,222B3.A,222,386,B,23,1,15,RTG21,0,0,14,14,58,2,55,4
11511730,17-JAN-19 13:03:17,2019-01-17,13,17-JAN-19 13:47:26,388,L,2,430M2.B,430,418,M,430M5.D,430,428,M,23,1,3,RTG9,0,3,11,14,41,3,37.2,2
11512130,17-JAN-19 14:06:19,2019-01-17,14,17-JAN-19 15:50:30,219,K,2,245B5.C,245,434,B,245B5.C,245,444,B,23,1,14,RTG5,0,0,12,12,48,2,58.76923077,4
11512626,17-JAN-19 15:19:47,2019-01-17,15,17-JAN-19 17:07:51,77,L,2,245B3.D,245,292,B,245B3.D,245,302,B,23,1,13,RTG23,0,12,3,15,49,1,43.35714286,3
11512877,17-JAN-19 16:12:31,2019-01-17,16,17-JAN-19 17:19:01,210,I,2,330C1.D,330,340,C,330C1.D,330,350,C,23,1,15,RTG16,0,8,5,13,39,1,38.95454545,2
11509672,17-JAN-19 07:19:54,2019-01-17,7,17-JAN-19 08:39:31,430,L,2,172B8.B,172,718,B,172B8.B,172,728,B,24,1,13,RTG9,0,5,3,8,18,3,15.5,2
11509799,17-JAN-19 07:46:38,2019-01-17,8,17-JAN-19 08:31:37,210,I,2,430M12.E,430,240,M,430M13.C,430,250,M,24,1,6,RTG6,0,1,9,10,20,2,48,2
11509801,17-JAN-19 07:47:35,2019-01-17,8,17-JAN-19 08:35:31,310,I,2,172B8.D,172,598,B,172B8.D,172,608,B,24,1,16,RTG10,0,4,1,5,21,1,48,2
11509893,17-JAN-19 08:03:37,2019-01-17,8,17-JAN-19 08:43:35,268,K,2,430M11.D,430,298,M,430M11.A,430,308,M,24,1,4,RTG13,0,3,2,5,20,2,5.375,2
11510105,17-JAN-19 08:38:55,2019-01-17,9,17-JAN-19 09:17:08,365,L,2,453E1.A,453,372,E,453E2.B,453,382,E,24,1,10,RTG23,0,0,4,4,37,3,23.81818182,4
11510494,17-JAN-19 09:21:20,2019-01-17,9,17-JAN-19 10:10:24,356,H,2,484C1.B,484,332,C,484C1.B,484,342,C,24,1,16,RTG4,0,0,4,4,10,1,28.25,2
11512688,17-JAN-19 15:30:37,2019-01-17,16,17-JAN-19 16:54:28,464,H,2,242B4.C,242,682,B,242B3.A,242,692,B,24,1,17,RTG2,0,5,0,5,11,3,71.2,1
11510475,17-JAN-19 09:39:55,2019-01-17,10,17-JAN-19 10:33:02,257,I,2,149B5.B,149,568,B,149B5.A,149,578,B,24,1,16,RTG14,0,0,3,3,36,1,36.66666667,5
11510607,17-JAN-19 09:40:07,2019-01-17,10,17-JAN-19 10:22:26,171,I,2,451E6.C,451,180,E,451E6.A,451,190,E,24,1,13,RTG10,0,0,6,6,37,4,36.66666667,5
11510892,17-JAN-19 10:42:12,2019-01-17,11,17-JAN-19 13:23:01,175,L,2,381F1.C,381,254,F,381F1.A,381,264,F,100,3,9,RTG25,0,1,0,1,32,1,33.875,2
11511995,17-JAN-19 13:44:07,2019-01-17,14,17-JAN-19 14:38:03,164,J,2,168B1.C,168,456,B,168B1.C,168,466,B,24,1,15,RTG10,0,0,1,1,68,2,114.2727273,5
11512380,17-JAN-19 14:40:45,2019-01-17,15,17-JAN-19 15:51:10,356,K,2,334B1.B,334,482,B,334B2.C,334,492,B,24,1,14,RTG20,0,8,9,17,50,4,49.91666667,3
11510109,17-JAN-19 08:39:16,2019-01-17,9,17-JAN-19 09:32:21,255,K,2,205D5.D,205,510,D,205D5.D,205,520,D,25,1,12,RTG12,0,5,3,8,35,3,26.42857143,4
11509827,17-JAN-19 07:51:40,2019-01-17,8,17-JAN-19 08:36:28,372,H,2,172B7.B,172,660,B,172B7.B,172,670,B,25,1,17,RTG4,0,0,5,5,6,1,30.5,1
11510204,17-JAN-19 08:53:50,2019-01-17,9,17-JAN-19 09:38:30,210,L,2,430M7.A,430,240,M,430M10.B,430,250,M,25,1,3,RTG9,0,5,5,10,40,1,24.09090909,4
11510891,17-JAN-19 10:42:17,2019-01-17,11,17-JAN-19 13:27:41,315,I,2,381F1.D,381,394,F,381F1.B,381,404,F,109,3,12,RTG10,0,0,1,1,31,2,6.526315789,2
11510269,17-JAN-19 09:05:55,2019-01-17,9,17-JAN-19 10:04:24,363,L,2,430M9.C,430,393,M,430M10.E,430,403,M,25,1,3,RTG11,0,0,7,7,42,2,27.54545455,4
11510276,17-JAN-19 09:07:47,2019-01-17,9,17-JAN-19 10:05:49,161,I,2,101D1.B,101,520,D,101D1.B,101,530,D,25,1,14,RTG10,0,6,3,9,35,1,24.83333333,5
11510310,17-JAN-19 09:12:40,2019-01-17,9,17-JAN-19 10:10:12,88,I,2,484C1.A,484,64,C,484C1.A,484,74,C,25,1,15,RTG6,0,6,3,9,36,1,25.14285714,5
11510445,17-JAN-19 09:35:18,2019-01-17,10,17-JAN-19 10:44:00,130,J,2,260M7.B,260,330,M,260M6.A,260,340,M,25,1,5,RTG8,0,11,6,17,46,2,65.75,4
11510653,17-JAN-19 10:07:38,2019-01-17,10,17-JAN-19 10:56:05,175,L,2,451E4.C,451,184,E,451E4.C,451,194,E,25,1,10,RTG23,0,4,3,7,33,1,34.07692308,4
11510803,17-JAN-19 10:29:53,2019-01-17,10,17-JAN-19 11:32:47,422,I,2,430M5.C,430,452,M,430M8.A,430,462,M,25,1,6,RTG16,0,6,6,12,31,2,20.95833333,5
11511981,17-JAN-19 13:41:29,2019-01-17,14,17-JAN-19 14:23:55,130,L,2,226H6.D,226,364,H,226H6.D,226,374,H,25,1,8,RTG25,0,7,2,9,43,1,66.05555556,4
11512371,17-JAN-19 14:39:12,2019-01-17,15,17-JAN-19 16:01:36,214,L,2,252B4.B,252,422,B,252B4.A,252,432,B,25,1,13,RTG23,0,10,6,16,53,1,57.07692308,3
11509723,17-JAN-19 07:30:44,2019-01-17,8,17-JAN-19 08:31:29,319,I,2,419B1.D,419,360,B,419B1.D,419,370,B,26,1,16,RTG10,0,2,4,6,17,1,56.5,2
11509812,17-JAN-19 07:48:45,2019-01-17,8,17-JAN-19 08:58:57,414,I,2,356B7.D,356,518,B,356B4.B,356,528,B,26,1,16,RTG10,0,1,4,5,21,3,39.28571429,2
11509859,17-JAN-19 07:59:00,2019-01-17,8,17-JAN-19 09:22:35,155,L,2,271B1.D,271,344,B,271B1.D,271,354,B,26,1,13,RTG25,0,1,12,13,31,1,30,2
11509924,17-JAN-19 08:08:29,2019-01-17,8,17-JAN-19 09:01:38,387,H,2,149B8.C,149,698,B,149B8.B,149,708,B,26,1,17,RTG4,0,2,3,5,7,2,31,1
11511583,17-JAN-19 12:40:08,2019-01-17,13,17-JAN-19 13:32:12,280,H,2,334B1.A,334,406,B,334B2.B,334,416,B,26,1,17,RTG4,0,6,6,12,19,1,49.75,1
11512191,17-JAN-19 14:14:40,2019-01-17,14,17-JAN-19 15:57:48,342,H,2,176B1.A,176,626,B,176B1.A,176,636,B,26,1,17,RTG2,0,0,8,8,23,3,143,2
11510676,17-JAN-19 10:10:22,2019-01-17,10,17-JAN-19 11:00:59,238,K,2,430M6.C,430,268,M,260M8.E,260,448,M,26,1,4,RTG20,0,7,3,10,36,3,51.72,4
11511344,17-JAN-19 12:00:36,2019-01-17,12,17-JAN-19 13:13:34,130,L,2,430M4.B,430,160,M,430M6.A,430,170,M,26,1,3,RTG25,0,0,14,14,47,1,21.22222222,4
11511674,17-JAN-19 12:54:51,2019-01-17,13,17-JAN-19 14:03:32,160,K,2,222B3.C,222,398,B,222B3.C,222,408,B,26,1,14,RTG12,0,2,13,15,40,1,41,2
11511875,17-JAN-19 13:26:01,2019-01-17,13,17-JAN-19 14:35:14,87,J,2,141B1.D,141,406,B,139B1.D,139,418,B,26,1,15,RTG8,0,0,16,16,64,4,74.77777778,2
11511982,17-JAN-19 13:41:55,2019-01-17,14,17-JAN-19 14:39:33,118,J,2,122B3.C,122,456,B,122B3.C,122,466,B,26,1,15,RTG10,0,0,1,1,67,1,103.2,5
11512188,17-JAN-19 14:14:20,2019-01-17,14,17-JAN-19 15:31:37,410,I,2,172B1.B,172,698,B,172B1.B,172,708,B,26,1,16,RTG16,0,0,5,5,47,1,53.35714286,4
11512247,17-JAN-19 14:22:08,2019-01-17,14,17-JAN-19 15:24:53,259,I,2,381A2.D,381,338,A,381A2.C,381,348,A,26,1,17,RTG14,0,10,3,13,44,1,42.76470588,4
11512404,17-JAN-19 14:44:18,2019-01-17,15,17-JAN-19 15:47:09,155,I,2,451E1.D,451,164,E,451E1.D,451,174,E,26,1,13,RTG6,0,5,8,13,50,2,64.46666667,3
11512455,17-JAN-19 14:52:40,2019-01-17,15,17-JAN-19 16:00:46,276,K,2,242B6.A,242,494,B,242B7.D,242,504,B,26,1,14,RTG5,0,5,12,17,50,2,55.30769231,3
11509923,17-JAN-19 08:06:25,2019-01-17,8,17-JAN-19 08:54:35,365,L,2,141F1.C,141,684,F,141F1.D,141,694,F,27,1,9,RTG9,0,1,7,8,36,1,24.75,2
11510179,17-JAN-19 08:49:37,2019-01-17,9,17-JAN-19 09:42:19,276,I,2,376E1.C,376,360,E,376E1.C,376,370,E,27,1,13,RTG14,0,0,2,2,39,1,28.375,5
11510306,17-JAN-19 08:53:25,2019-01-17,9,17-JAN-19 09:44:33,265,K,2,277B2.C,277,448,B,277B2.B,277,458,B,27,1,14,RTG12,0,10,8,18,42,1,31.16666667,4
11510306,17-JAN-19 08:53:25,2019-01-17,9,17-JAN-19 09:44:33,265,K,2,277B2.C,277,448,B,277B2.B,277,458,B,27,1,14,RTG12,0,10,8,18,42,1,31.16666667,4
11510211,17-JAN-19 08:55:03,2019-01-17,9,17-JAN-19 09:47:18,261,K,2,453E1.D,453,268,E,453E1.D,453,278,E,27,1,11,RTG12,0,4,6,10,42,2,29.125,4
11510361,17-JAN-19 09:22:06,2019-01-17,9,17-JAN-19 10:25:35,160,K,2,114H2.A,114,506,H,114H2.A,114,516,H,27,1,9,RTG12,0,8,2,10,50,1,22.08333333,4
11510504,17-JAN-19 09:44:23,2019-01-17,10,17-JAN-19 10:41:29,415,K,2,451E5.A,451,424,E,451E6.C,451,434,E,27,1,11,RTG20,0,0,13,13,52,2,37.28571429,4
11510539,17-JAN-19 09:49:38,2019-01-17,10,17-JAN-19 10:35:24,429,J,2,451E5.B,451,438,E,451E5.A,451,448,E,27,1,12,RTG24,0,2,6,8,48,2,69.18181818,4
11510898,17-JAN-19 10:43:37,2019-01-17,11,17-JAN-19 13:48:50,89,J,2,451E2.A,451,98,E,451E4.C,451,108,E,139,3,12,RTG8,0,1,7,8,51,4,52.5,2
11511914,17-JAN-19 13:32:44,2019-01-17,14,17-JAN-19 14:34:41,122,L,2,172B1.A,172,410,B,172B2.C,172,420,B,27,1,13,RTG25,0,9,0,9,42,1,65.0625,4
11512166,17-JAN-19 14:10:55,2019-01-17,14,17-JAN-19 15:22:19,356,J,2,176B2.C,176,640,B,176B2.D,176,650,B,27,1,15,RTG24,0,0,10,10,69,1,119.4545455,5
11509695,17-JAN-19 07:24:43,2019-01-17,7,17-JAN-19 08:37:55,218,J,2,306B3.D,306,372,B,306B3.D,306,382,B,28,1,15,RTG21,0,0,7,7,18,4,21.6,2
11509871,17-JAN-19 08:00:59,2019-01-17,8,17-JAN-19 08:51:04,359,L,2,257B5.B,257,562,B,257B5.B,257,572,B,28,1,13,RTG9,0,2,6,8,33,1,30,2
11510490,17-JAN-19 09:42:14,2019-01-17,10,17-JAN-19 10:26:36,431,J,2,149B5.C,149,742,B,149B5.B,149,752,B,28,1,15,RTG24,0,3,4,7,47,1,72.14285714,4
11510506,17-JAN-19 09:44:13,2019-01-17,10,17-JAN-19 10:34:54,73,L,2,101D1.C,101,432,D,101D1.C,101,442,D,28,1,11,RTG25,0,0,4,4,38,1,48,4
11510907,17-JAN-19 10:44:22,2019-01-17,11,17-JAN-19 14:08:10,87,J,2,451E2.B,451,96,E,451E4.C,451,106,E,155,3,12,RTG8,0,2,7,9,51,4,51.19047619,2
11511282,17-JAN-19 11:44:57,2019-01-17,12,17-JAN-19 12:45:04,114,K,2,468C4.B,468,106,C,468C4.B,468,116,C,28,1,13,RTG12,0,0,6,6,20,1,32.46153846,3
11512178,17-JAN-19 14:12:59,2019-01-17,14,17-JAN-19 15:19:14,181,L,2,381A2.B,381,260,A,381A2.B,381,270,A,28,1,14,RTG25,0,0,11,11,47,4,41,4
11512196,17-JAN-19 14:15:17,2019-01-17,14,17-JAN-19 15:29:24,184,K,2,164F4.A,164,480,F,164F4.B,164,490,F,28,1,10,RTG13,0,5,4,9,50,3,55.21428571,4
11512297,17-JAN-19 14:27:47,2019-01-17,14,17-JAN-19 15:40:57,259,I,2,455E1.D,455,264,E,451E1.A,451,278,E,28,1,13,RTG14,0,12,5,17,49,2,53,4
11510323,17-JAN-19 09:15:27,2019-01-17,9,17-JAN-19 10:07:50,269,L,2,451E8.C,451,278,E,451E8.B,451,288,E,29,1,10,RTG23,0,3,6,9,43,1,40.8,4
11510418,17-JAN-19 09:31:11,2019-01-17,10,17-JAN-19 10:20:51,457,L,2,451E6.C,451,466,E,451E7.C,451,476,E,29,1,10,RTG11,0,4,8,12,41,1,51.27777778,4
11510904,17-JAN-19 10:44:43,2019-01-17,11,17-JAN-19 12:49:03,325,L,2,381F1.D,381,404,F,381F1.C,381,414,F,61,3,9,RTG9,0,0,1,1,31,1,30.29411765,2
11511566,17-JAN-19 12:37:41,2019-01-17,13,17-JAN-19 14:02:15,256,L,2,222B3.B,222,494,B,222B3.B,222,504,B,29,1,13,RTG9,0,4,11,15,43,4,42.14285714,2
11511686,17-JAN-19 12:56:17,2019-01-17,13,17-JAN-19 14:16:31,164,I,2,188E1.A,188,436,E,230N4.D,230,404,N,29,1,13,RTG6,0,1,21,22,63,4,18.11111111,2
11512134,17-JAN-19 14:06:23,2019-01-17,14,17-JAN-19 15:27:32,337,I,2,463B2.B,463,334,B,463B2.B,463,344,B,29,1,16,RTG14,0,0,12,12,50,2,49.78571429,4
11512336,17-JAN-19 14:33:27,2019-01-17,15,17-JAN-19 15:57:35,370,K,2,126F3.A,126,704,F,126F3.A,126,714,F,29,1,10,RTG20,0,3,14,17,52,2,58.5,3
11512413,17-JAN-19 14:45:35,2019-01-17,15,17-JAN-19 16:15:29,280,K,2,184C1.D,184,556,C,184C1.D,184,566,C,29,1,13,RTG5,0,3,10,13,50,1,49.90909091,3
11509615,17-JAN-19 07:08:27,2019-01-17,7,17-JAN-19 07:59:17,167,J,2,101D3.C,101,526,D,101D3.C,101,536,D,30,1,13,RTG21,0,0,6,6,13,1,15.28571429,2
11509930,17-JAN-19 08:09:35,2019-01-17,8,17-JAN-19 09:09:32,342,L,2,356B3.D,356,446,B,356B3.A,356,456,B,30,1,13,RTG9,0,2,7,9,34,3,25.45454545,2
11512344,17-JAN-19 14:34:35,2019-01-17,15,17-JAN-19 16:51:45,280,H,2,334B1.A,334,406,B,334B2.B,334,416,B,30,1,17,RTG2,0,2,6,8,23,1,45.33333333,2
11510742,17-JAN-19 10:20:29,2019-01-17,10,17-JAN-19 12:04:15,183,J,2,381F3.A,381,262,F,381F3.A,381,272,F,30,1,11,RTG7,0,0,18,18,54,1,44,4
11510913,17-JAN-19 10:45:15,2019-01-17,11,17-JAN-19 11:58:41,438,K,2,426E2.A,426,472,E,426E3.D,426,482,E,15,1,11,RTG20,0,5,6,11,26,2,51.58823529,2
11511232,17-JAN-19 11:36:53,2019-01-17,12,17-JAN-19 12:44:47,92,I,2,252D5.B,252,300,D,252D5.B,252,310,D,30,1,14,RTG6,0,0,11,11,35,2,25.27272727,4
11511585,17-JAN-19 12:40:51,2019-01-17,13,17-JAN-19 13:39:13,238,K,2,430M3.E,430,268,M,430M6.D,430,278,M,30,1,4,RTG12,0,7,6,13,36,1,35.66666667,2
11512096,17-JAN-19 14:00:50,2019-01-17,14,17-JAN-19 14:56:15,414,I,2,384D4.A,384,490,D,384D5.D,384,500,D,30,1,14,RTG16,0,0,4,4,50,1,39.53333333,4
11512533,17-JAN-19 15:05:20,2019-01-17,15,17-JAN-19 17:29:48,359,L,2,439M14.C,439,380,M,439M13.C,439,390,M,30,1,3,RTG23,0,0,16,16,52,1,43.66666667,3
11509569,17-JAN-19 07:01:04,2019-01-17,7,17-JAN-19 08:13:25,406,L,2,356B7.C,356,510,B,356B7.A,356,520,B,31,2,13,RTG9,0,6,3,9,15,2,10.5,2
11509818,17-JAN-19 07:49:52,2019-01-17,8,17-JAN-19 08:43:37,384,I,2,172B7.A,172,672,B,172B7.A,172,682,B,31,2,16,RTG10,0,2,4,6,23,1,39.28571429,2
11509920,17-JAN-19 08:08:26,2019-01-17,8,17-JAN-19 09:11:08,155,I,2,453E4.D,453,162,E,453E4.A,453,172,E,31,2,13,RTG6,0,5,7,12,26,1,20,2
11511660,17-JAN-19 12:52:54,2019-01-17,13,17-JAN-19 15:17:33,384,H,2,334B1.C,334,510,B,334B1.A,334,520,B,31,2,17,RTG4,0,4,9,13,18,2,27.5,1
11510770,17-JAN-19 10:24:28,2019-01-17,10,17-JAN-19 12:59:16,134,L,2,260M9.E,260,334,M,260M9.E,260,344,M,31,2,3,RTG23,0,2,4,6,28,1,29.47619048,4
11510784,17-JAN-19 10:26:35,2019-01-17,10,17-JAN-19 11:17:12,156,K,2,122B2.D,122,494,B,122B3.B,122,504,B,31,2,14,RTG5,0,7,4,11,35,4,46.17391304,4
11511262,17-JAN-19 11:41:32,2019-01-17,12,17-JAN-19 12:42:10,67,L,2,255B5.B,255,272,B,255B5.A,255,282,B,31,2,13,RTG25,0,0,10,10,44,1,24.23076923,4
11511381,17-JAN-19 12:06:08,2019-01-17,12,17-JAN-19 13:09:09,159,I,2,105D4.C,105,514,D,105D4.A,105,524,D,31,2,14,RTG6,0,0,20,20,47,2,28.8,4
11511556,17-JAN-19 12:36:18,2019-01-17,13,17-JAN-19 15:08:36,355,I,2,315B1.D,315,500,B,315B1.D,315,510,B,31,2,16,RTG16,0,0,1,1,58,2,14.4,2
11511605,17-JAN-19 12:42:53,2019-01-17,13,17-JAN-19 13:44:05,255,K,2,105D3.C,105,610,D,105D3.C,105,620,D,31,2,12,RTG12,0,12,2,14,40,1,35.66666667,2
11511724,17-JAN-19 13:02:10,2019-01-17,13,17-JAN-19 14:07:01,160,L,2,176B7.C,176,444,B,176B7.B,176,454,B,31,2,13,RTG9,0,5,9,14,40,1,35.07142857,2
11512571,17-JAN-19 15:11:06,2019-01-17,15,17-JAN-19 16:16:24,210,J,2,242B5.B,242,428,B,242B5.A,242,438,B,31,2,15,RTG7,0,7,22,29,67,2,101.1176471,3
11509594,17-JAN-19 07:05:22,2019-01-17,7,17-JAN-19 07:55:17,84,L,2,430M13.C,430,114,M,430M13.A,430,124,M,32,2,3,RTG25,0,0,4,4,16,1,12.2,2
11509891,17-JAN-19 08:03:38,2019-01-17,8,17-JAN-19 08:54:07,253,K,2,277B5.D,277,436,B,277B4.D,277,446,B,32,2,14,RTG13,0,4,2,6,21,3,5.375,2
11510308,17-JAN-19 09:12:22,2019-01-17,9,17-JAN-19 10:03:52,122,K,2,430M8.B,430,152,M,430M9.B,430,162,M,32,2,4,RTG5,0,0,12,12,48,4,20.41666667,4
11510923,17-JAN-19 10:47:06,2019-01-17,11,17-JAN-19 12:18:15,433,L,2,149B2.A,149,744,B,149B3.C,149,754,B,68,3,13,RTG11,0,2,8,10,32,3,31.125,2
11512670,17-JAN-19 15:26:44,2019-01-17,15,17-JAN-19 17:28:44,414,H,2,452B1.B,452,422,B,452B2.B,452,432,B,32,2,17,RTG2,0,1,3,4,12,1,61.4,2
11510686,17-JAN-19 10:11:58,2019-01-17,10,17-JAN-19 12:06:41,226,I,2,472C1.A,472,214,C,472C2.D,472,224,C,32,2,15,RTG14,0,2,6,8,34,3,29.31578947,5
11510931,17-JAN-19 10:47:21,2019-01-17,11,17-JAN-19 12:21:48,106,L,2,172B5.D,172,394,B,172B5.D,172,404,B,43,2,13,RTG9,0,0,1,1,32,2,28,2
11511737,17-JAN-19 13:04:49,2019-01-17,13,17-JAN-19 14:12:24,157,I,2,105D2.A,105,512,D,105D2.B,105,522,D,32,2,14,RTG6,0,15,8,23,66,1,38,2
11511804,17-JAN-19 13:14:55,2019-01-17,13,17-JAN-19 14:53:08,157,L,2,463B5.A,463,154,B,463B6.D,463,164,B,32,2,13,RTG25,0,1,6,7,41,3,46.54545455,2
11511967,17-JAN-19 13:39:59,2019-01-17,14,17-JAN-19 16:08:06,230,K,2,222B2.B,222,468,B,222B2.A,222,478,B,32,2,14,RTG5,0,0,6,6,41,1,45.66666667,4
11512100,17-JAN-19 14:01:45,2019-01-17,14,17-JAN-19 16:06:47,322,J,2,252B5.C,252,530,B,252B4.B,252,540,B,32,2,15,RTG24,0,0,9,9,69,1,151.5,5
11512221,17-JAN-19 14:19:12,2019-01-17,14,17-JAN-19 15:48:33,418,I,2,176B1.C,176,702,B,176B1.C,176,712,B,32,2,16,RTG16,0,0,7,7,45,1,53,4
11512236,17-JAN-19 14:20:45,2019-01-17,14,17-JAN-19 15:58:56,356,K,2,438E1.D,438,378,E,438E1.C,438,388,E,32,2,11,RTG20,0,15,5,20,53,2,52.3125,4
11512292,17-JAN-19 14:27:02,2019-01-17,14,17-JAN-19 15:49:20,327,L,2,245B4.B,245,542,B,245B4.D,245,552,B,32,2,13,RTG11,0,10,3,13,49,1,50.42857143,4
11509839,17-JAN-19 07:54:34,2019-01-17,8,17-JAN-19 08:45:16,372,I,2,430M12.E,430,402,M,430M13.C,430,412,M,33,2,6,RTG10,0,3,4,7,22,1,29.22222222,2
11510252,17-JAN-19 09:03:38,2019-01-17,9,17-JAN-19 10:18:03,288,L,2,260M4.D,260,488,M,260M4.C,260,498,M,33,2,3,RTG23,0,0,7,7,39,1,27.54545455,4
11510926,17-JAN-19 10:48:04,2019-01-17,11,17-JAN-19 11:54:17,413,K,2,451E2.C,451,422,E,451E4.D,451,432,E,21,1,11,RTG20,0,1,10,11,26,4,50.47058824,2
11511325,17-JAN-19 11:56:24,2019-01-17,12,17-JAN-19 13:05:41,142,J,2,272M8.C,272,330,M,272N1.A,272,340,N,33,2,5,RTG21,0,0,9,9,55,3,56.83333333,4
11511789,17-JAN-19 13:13:01,2019-01-17,13,17-JAN-19 14:05:37,202,J,2,430M1.B,430,232,M,430M4.A,430,242,M,33,2,5,RTG21,0,7,9,16,64,1,49,2
11512125,17-JAN-19 14:05:36,2019-01-17,14,17-JAN-19 15:33:44,202,J,2,176B2.A,176,486,B,176B2.C,176,496,B,33,2,15,RTG21,0,1,11,12,70,3,141.3333333,5
11512143,17-JAN-19 14:07:43,2019-01-17,14,17-JAN-19 15:52:37,359,L,2,245B5.D,245,574,B,245B5.D,245,584,B,33,2,13,RTG11,0,0,14,14,43,1,48.5,4
11512849,17-JAN-19 16:06:47,2019-01-17,16,17-JAN-19 17:10:23,370,K,2,242B2.C,242,588,B,242B2.B,242,598,B,33,2,14,RTG20,0,7,15,22,52,1,34.92307692,2
11509718,17-JAN-19 07:30:00,2019-01-17,8,17-JAN-19 08:26:43,164,I,2,122B3.A,122,502,B,122B3.A,122,512,B,34,2,16,RTG6,0,3,4,7,16,4,56.5,2
11510512,17-JAN-19 09:45:41,2019-01-17,10,17-JAN-19 11:09:21,365,J,2,241D1.B,241,584,D,241D1.B,241,594,D,34,2,13,RTG7,0,0,7,7,48,1,76.625,4
11510933,17-JAN-19 10:48:22,2019-01-17,11,17-JAN-19 11:51:36,255,I,2,149B2.B,149,566,B,149B3.D,149,576,B,32,2,16,RTG14,0,4,5,9,31,1,5.588235294,2
11510932,17-JAN-19 10:48:30,2019-01-17,11,17-JAN-19 11:56:15,202,J,2,288F3.D,288,374,F,288F3.D,288,384,F,28,1,11,RTG7,0,11,6,17,48,3,55.34782609,2
11510942,17-JAN-19 10:49:28,2019-01-17,11,17-JAN-19 13:07:12,137,K,2,451E2.D,451,146,E,451E3.A,451,156,E,76,3,11,RTG12,0,0,2,2,26,3,48.16666667,2
11511743,17-JAN-19 13:05:57,2019-01-17,13,17-JAN-19 14:18:04,268,I,2,172B3.D,172,556,B,172B3.D,172,566,B,34,2,16,RTG10,0,15,2,17,65,4,48,2
11512255,17-JAN-19 14:23:00,2019-01-17,14,17-JAN-19 15:32:04,239,I,2,451E1.A,451,248,E,451E2.D,451,258,E,34,2,13,RTG14,0,13,2,15,46,2,42.76470588,4
11512357,17-JAN-19 14:36:16,2019-01-17,15,17-JAN-19 16:11:09,210,L,2,242B8.D,242,428,B,242B8.A,242,438,B,34,2,13,RTG23,0,10,4,14,51,1,56.08333333,3
11512977,17-JAN-19 16:36:26,2019-01-17,17,17-JAN-19 17:35:57,302,J,2,80F3.A,80,682,F,80F3.A,80,692,F,34,2,11,RTG24,0,8,2,10,58,1,67.93333333,2
11509797,17-JAN-19 07:46:15,2019-01-17,8,17-JAN-19 09:28:03,438,L,2,306B2.B,306,592,B,306B2.A,306,602,B,35,2,13,RTG11,0,0,2,2,28,2,30,2
11509911,17-JAN-19 08:07:06,2019-01-17,8,17-JAN-19 09:30:31,288,L,2,356B3.C,356,392,B,356B1.A,356,402,B,35,2,13,RTG9,0,5,4,9,37,2,24.75,2
11510484,17-JAN-19 09:40:37,2019-01-17,10,17-JAN-19 11:33:18,252,L,2,430M7.A,430,282,M,430M10.E,430,292,M,35,2,3,RTG11,0,3,9,12,40,1,53.9,4
11510694,17-JAN-19 10:12:41,2019-01-17,10,17-JAN-19 11:35:33,422,I,2,252B7.B,252,630,B,252B7.B,252,640,B,35,2,16,RTG16,0,1,7,8,33,1,27.9,5
11509810,17-JAN-19 07:48:42,2019-01-17,8,17-JAN-19 08:54:42,464,H,2,306N2.B,306,618,N,306N2.B,306,628,N,35,2,6,RTG4,0,0,5,5,6,1,30,1
11509938,17-JAN-19 08:11:08,2019-01-17,8,17-JAN-19 09:16:05,368,H,2,356B2.A,356,472,B,356B3.B,356,482,B,35,2,17,RTG4,0,2,5,7,8,4,27.25,1
11510940,17-JAN-19 10:49:29,2019-01-17,11,17-JAN-19 11:38:34,430,K,2,272M3.D,272,618,M,272M3.B,272,628,M,29,1,4,RTG20,0,6,6,12,27,3,48.16666667,2
11510734,17-JAN-19 10:19:59,2019-01-17,10,17-JAN-19 11:32:30,422,I,2,306B1.A,306,576,B,306B1.A,306,586,B,35,2,16,RTG16,0,4,6,10,33,1,24.76190476,5
11512694,17-JAN-19 15:33:02,2019-01-17,16,17-JAN-19 16:47:38,367,K,2,245B1.A,245,582,B,245B1.B,245,592,B,35,2,14,RTG20,0,2,16,18,58,2,26,2
11510048,17-JAN-19 08:29:20,2019-01-17,8,17-JAN-19 09:19:47,252,L,2,430M9.A,430,282,M,430M12.D,430,292,M,36,2,3,RTG25,0,6,7,13,36,1,25.90909091,2
11510473,17-JAN-19 09:39:44,2019-01-17,10,17-JAN-19 11:25:31,110,K,2,430M8.D,430,140,M,430M9.A,430,150,M,36,2,4,RTG5,0,2,12,14,50,3,28.88888889,4
11511272,17-JAN-19 11:43:07,2019-01-17,12,17-JAN-19 12:47:41,413,K,2,417B2.C,417,456,B,417B2.C,417,466,B,36,2,14,RTG5,0,3,0,3,21,3,35.63636364,3
11511472,17-JAN-19 12:21:41,2019-01-17,12,17-JAN-19 14:38:41,183,L,2,417B1.D,417,226,B,417B1.D,417,236,B,36,2,13,RTG25,0,11,3,14,43,3,44.14285714,4
11511828,17-JAN-19 13:18:29,2019-01-17,13,17-JAN-19 15:11:35,406,I,2,114B6.D,114,752,B,114B6.B,114,762,B,36,2,16,RTG16,0,0,2,2,56,1,58.47619048,2
11512601,17-JAN-19 15:15:10,2019-01-17,15,17-JAN-19 16:18:53,223,K,2,129H5.B,129,554,H,129H4.C,129,564,H,36,2,9,RTG5,0,0,23,23,58,2,51.66666667,3
11512639,17-JAN-19 15:21:18,2019-01-17,15,17-JAN-19 18:49:59,263,K,2,259N1.B,259,464,N,259N4.D,259,474,N,36,2,3,RTG20,0,5,13,18,61,2,52.44444444,3
11510187,17-JAN-19 08:50:50,2019-01-17,9,17-JAN-19 09:46:19,83,J,2,277B2.B,277,266,B,277B2.A,277,276,B,37,2,15,RTG8,0,10,6,16,35,1,21.44444444,3
11510353,17-JAN-19 09:18:41,2019-01-17,9,17-JAN-19 10:27:10,284,I,2,260M5.D,260,484,M,260M5.C,260,494,M,37,2,6,RTG16,0,0,3,3,35,3,21.73333333,5
11511440,17-JAN-19 12:16:38,2019-01-17,12,17-JAN-19 13:20:02,288,L,2,252D5.C,252,496,D,252D5.C,252,506,D,37,2,11,RTG9,0,4,9,13,42,1,43,4
11511937,17-JAN-19 13:36:18,2019-01-17,14,17-JAN-19 14:41:37,414,I,2,176B5.D,176,698,B,176B5.C,176,708,B,37,2,16,RTG14,0,0,7,7,51,4,54.07692308,4
11512199,17-JAN-19 14:15:52,2019-01-17,14,17-JAN-19 16:24:20,214,L,2,176B1.B,176,498,B,176B1.B,176,508,B,37,2,13,RTG23,0,0,12,12,49,3,41,4
11510216,17-JAN-19 08:56:05,2019-01-17,9,17-JAN-19 10:13:54,280,K,2,260M3.C,260,480,M,260M3.C,260,490,M,38,2,4,RTG13,0,0,8,8,44,1,29.125,4
11510256,17-JAN-19 09:04:13,2019-01-17,9,17-JAN-19 10:05:23,126,I,2,430M7.C,430,156,M,430M10.C,430,166,M,38,2,6,RTG6,0,6,4,10,36,4,27.5,5
11510282,17-JAN-19 09:08:28,2019-01-17,9,17-JAN-19 10:06:30,306,K,2,430M8.A,430,336,M,430M10.E,430,346,M,38,2,4,RTG13,0,7,1,8,46,2,23.6,4
11511366,17-JAN-19 12:04:18,2019-01-17,12,17-JAN-19 13:11:46,161,I,2,451E1.D,451,170,E,451E1.B,451,180,E,38,2,13,RTG6,0,0,17,17,44,1,31,4
11509811,17-JAN-19 07:48:52,2019-01-17,8,17-JAN-19 09:01:10,157,I,2,453E4.B,453,164,E,453E5.C,453,174,E,39,2,13,RTG6,0,5,6,11,22,1,39.28571429,2
11510201,17-JAN-19 08:50:21,2019-01-17,9,17-JAN-19 10:23:12,425,K,2,241D2.B,241,644,D,241D2.B,241,654,D,39,2,12,RTG20,0,0,13,13,41,2,31.16666667,4
11510339,17-JAN-19 09:17:55,2019-01-17,9,17-JAN-19 10:26:50,430,K,2,260M5.C,260,630,M,260M5.B,260,640,M,39,2,4,RTG20,0,0,15,15,48,2,21.92307692,4
11510597,17-JAN-19 09:59:07,2019-01-17,10,17-JAN-19 11:07:10,414,L,2,260M8.B,260,614,M,260M7.E,260,624,M,39,2,3,RTG11,0,3,7,10,38,3,38.36363636,4
11511208,17-JAN-19 11:32:52,2019-01-17,12,17-JAN-19 13:29:43,465,I,2,255B6.D,255,670,B,255B6.B,255,680,B,39,2,16,RTG16,0,2,5,7,34,2,24.3,4
11511972,17-JAN-19 13:40:36,2019-01-17,14,17-JAN-19 14:53:34,352,I,2,134N3.A,134,678,N,134N3.A,134,688,N,39,2,5,RTG14,0,0,9,9,52,1,49.25,4
11512002,17-JAN-19 13:45:23,2019-01-17,14,17-JAN-19 14:56:28,238,K,2,430M3.D,430,268,M,430M3.B,430,278,M,39,2,4,RTG13,0,10,2,12,42,1,50.83333333,4
11512165,17-JAN-19 14:09:31,2019-01-17,14,17-JAN-19 15:30:28,222,L,2,176B2.B,176,506,B,176B3.A,176,516,B,39,2,13,RTG25,0,1,9,10,44,1,48.5,4
11512181,17-JAN-19 14:13:11,2019-01-17,14,17-JAN-19 15:24:21,361,J,2,463B1.A,463,358,B,463B2.D,463,368,B,39,2,15,RTG24,0,0,11,11,69,1,107.5,5
11512411,17-JAN-19 14:45:18,2019-01-17,15,17-JAN-19 16:00:49,435,L,2,245B3.A,245,650,B,245B3.A,245,660,B,39,2,13,RTG11,0,2,11,13,52,1,57.3125,3
11512769,17-JAN-19 15:47:20,2019-01-17,16,17-JAN-19 17:05:00,334,J,2,284A3.A,284,510,A,284A3.A,284,520,A,39,2,16,RTG24,0,4,11,15,64,1,98,2
11512976,17-JAN-19 16:36:02,2019-01-17,17,17-JAN-19 17:40:30,406,I,2,426E2.D,426,440,E,426E2.D,426,450,E,39,2,13,RTG16,0,5,8,13,40,1,54.5,2
11510080,17-JAN-19 08:35:32,2019-01-17,9,17-JAN-19 09:41:30,67,L,2,277B3.D,277,250,B,277B3.C,277,260,B,40,2,13,RTG25,0,5,8,13,36,1,26,4
11511492,17-JAN-19 12:24:43,2019-01-17,12,17-JAN-19 13:23:35,314,H,2,418D5.C,418,356,D,418D5.C,418,366,D,40,2,15,RTG4,0,0,11,11,17,3,50.75,2
11511420,17-JAN-19 12:13:34,2019-01-17,12,17-JAN-19 15:00:58,217,K,2,245B8.A,245,432,B,245B8.A,245,442,B,40,2,14,RTG12,0,0,11,11,24,3,19.57142857,3
11512541,17-JAN-19 15:06:16,2019-01-17,15,17-JAN-19 16:20:15,185,J,2,381A1.D,381,264,A,381A1.D,381,274,A,40,2,16,RTG7,0,13,16,29,67,2,92.85,3
11509700,17-JAN-19 07:25:18,2019-01-17,7,17-JAN-19 08:35:17,234,I,2,356B4.B,356,338,B,356B5.A,356,348,B,41,2,16,RTG6,0,0,8,8,16,1,59.5,2
11511395,17-JAN-19 12:08:41,2019-01-17,12,17-JAN-19 14:18:50,241,I,2,417B1.C,417,284,B,417B1.C,417,294,B,41,2,16,RTG6,0,0,23,23,49,1,28.42857143,4
11511667,17-JAN-19 12:53:49,2019-01-17,13,17-JAN-19 13:53:53,337,I,2,255B4.C,255,542,B,255B4.B,255,552,B,41,2,16,RTG10,0,9,11,20,62,2,18.11111111,2
11511846,17-JAN-19 13:21:26,2019-01-17,13,17-JAN-19 14:31:33,77,L,2,245B6.B,245,292,B,245B6.B,245,302,B,41,2,13,RTG9,0,6,6,12,39,1,54.86666667,2
11511992,17-JAN-19 13:43:36,2019-01-17,14,17-JAN-19 15:20:56,155,L,2,463B3.A,463,152,B,463B4.D,463,162,B,41,2,13,RTG25,0,7,3,10,42,2,69.94444444,4
11512211,17-JAN-19 14:17:51,2019-01-17,14,17-JAN-19 15:31:58,243,I,2,277B1.D,277,426,B,277B1.D,277,436,B,41,2,16,RTG14,0,10,2,12,47,3,51.93333333,4
11512846,17-JAN-19 16:06:09,2019-01-17,16,17-JAN-19 17:23:06,72,I,2,356B7.D,356,176,B,242B1.A,242,300,B,41,2,16,RTG14,0,7,2,9,41,1,35.35,2
11509717,17-JAN-19 07:29:48,2019-01-17,7,17-JAN-19 08:48:22,207,L,2,419B1.C,419,248,B,419B1.C,419,258,B,42,2,13,RTG25,0,1,7,8,20,2,20.28571429,2
11510072,17-JAN-19 08:29:43,2019-01-17,8,17-JAN-19 09:44:31,72,I,2,284B1.D,284,248,B,284B1.D,284,258,B,42,2,16,RTG6,0,13,0,13,30,2,21.44444444,2
11510091,17-JAN-19 08:37:06,2019-01-17,9,17-JAN-19 09:47:09,367,L,2,222D3.B,222,605,D,222D3.B,222,615,D,42,2,11,RTG11,0,0,3,3,37,1,26.25,4
11510124,17-JAN-19 08:40:41,2019-01-17,9,17-JAN-19 10:50:22,114,J,2,222N1.B,222,352,N,222N3.C,222,362,N,42,2,4,RTG8,0,6,10,16,34,1,41.77777778,3
11510260,17-JAN-19 09:05:11,2019-01-17,9,17-JAN-19 10:17:43,164,L,2,430M7.D,430,194,M,430M1.D,430,204,M,42,2,3,RTG9,0,6,3,9,40,3,27.54545455,4
11510959,17-JAN-19 10:52:32,2019-01-17,11,17-JAN-19 12:25:19,180,J,2,430M3.A,430,210,M,430M7.C,430,220,M,31,2,5,RTG7,0,13,5,18,49,1,54.40909091,2
11512827,17-JAN-19 16:01:21,2019-01-17,16,17-JAN-19 17:08:37,302,H,2,452B1.B,452,310,B,452B3.C,452,320,B,42,2,17,RTG2,0,5,1,6,11,2,109.75,1
11510719,17-JAN-19 10:17:09,2019-01-17,10,17-JAN-19 11:47:59,414,H,2,430M5.A,430,444,M,430M9.E,430,454,M,42,2,7,RTG2,0,3,1,4,7,1,39,2
11510958,17-JAN-19 10:52:37,2019-01-17,11,17-JAN-19 12:13:23,367,K,2,255B8.B,255,572,B,255B8.A,255,582,B,46,2,14,RTG5,0,1,7,8,28,3,49.25,2
11511251,17-JAN-19 11:39:48,2019-01-17,12,17-JAN-19 13:00:33,126,I,2,430M4.D,430,156,M,430M6.A,430,166,M,42,2,6,RTG6,0,0,13,13,38,2,26,4
11511318,17-JAN-19 11:55:30,2019-01-17,12,17-JAN-19 13:15:34,327,L,2,451E1.B,451,336,E,451E1.A,451,346,E,42,2,10,RTG9,0,0,13,13,44,2,20.90909091,4
11511969,17-JAN-19 13:40:12,2019-01-17,14,17-JAN-19 15:19:56,430,K,2,260D1.C,260,630,D,260D1.C,260,640,D,42,2,12,RTG20,0,0,7,7,43,1,45.66666667,4
11512082,17-JAN-19 13:58:05,2019-01-17,14,17-JAN-19 15:30:02,219,K,2,381A2.A,381,298,A,381A2.A,381,308,A,42,2,15,RTG5,0,0,10,10,45,1,62.53846154,4
11512253,17-JAN-19 14:22:45,2019-01-17,14,17-JAN-19 16:17:30,230,K,2,356B7.D,356,334,B,242B6.A,242,458,B,42,2,14,RTG5,0,9,7,16,53,3,57.125,4
11512887,17-JAN-19 16:14:34,2019-01-17,16,17-JAN-19 17:59:37,209,K,2,439M12.E,439,230,M,439M12.C,439,240,M,42,2,4,RTG20,0,20,2,22,47,2,46.05882353,2
11510073,17-JAN-19 08:33:58,2019-01-17,9,17-JAN-19 09:31:53,419,K,2,453E2.C,453,426,E,453E2.A,453,436,E,43,2,11,RTG20,0,0,11,11,32,1,21.5,4
11510237,17-JAN-19 09:01:53,2019-01-17,9,17-JAN-19 10:29:29,370,K,2,260M4.B,260,570,M,260M4.E,260,580,M,43,2,4,RTG5,0,0,7,7,46,3,28.22222222,4
11510967,17-JAN-19 10:53:12,2019-01-17,11,17-JAN-19 12:08:18,452,L,2,288F2.A,288,624,F,288F2.A,288,634,F,43,2,9,RTG11,0,4,7,11,33,3,23.21428571,2
11510966,17-JAN-19 10:53:46,2019-01-17,11,17-JAN-19 13:15:48,179,L,2,451E1.A,451,188,E,451E3.B,451,198,E,95,3,10,RTG25,0,2,0,2,34,3,23.21428571,2
11509560,17-JAN-19 06:58:45,2019-01-17,7,17-JAN-19 08:02:16,180,J,2,434M1.B,434,206,M,434M1.B,434,216,M,44,2,5,RTG21,0,0,2,2,10,1,5,2
11510128,17-JAN-19 08:41:44,2019-01-17,9,17-JAN-19 09:48:47,164,L,2,430M9.C,430,194,M,CHS,0,634,0,44,2,3,RTG9,0,10,2,12,39,1,23,4
11510765,17-JAN-19 10:24:07,2019-01-17,10,17-JAN-19 12:10:33,452,L,2,430M5.B,430,482,M,430M7.C,430,492,M,44,2,3,RTG11,0,0,8,8,26,1,29.47619048,4
11511778,17-JAN-19 13:11:12,2019-01-17,13,17-JAN-19 14:33:18,368,H,2,172B2.A,172,656,B,172B2.A,172,666,B,44,2,17,RTG4,0,4,11,15,20,1,43.75,1
11511895,17-JAN-19 13:28:59,2019-01-17,13,17-JAN-19 14:45:10,406,L,2,272M9.E,272,594,M,272M9.B,272,604,M,44,2,3,RTG11,0,0,8,8,41,3,62.125,2
11511963,17-JAN-19 13:39:28,2019-01-17,14,17-JAN-19 14:48:24,418,I,2,176B4.C,176,702,B,176B4.A,176,712,B,44,2,16,RTG16,0,0,3,3,51,2,49.25,4
11512273,17-JAN-19 14:24:59,2019-01-17,14,17-JAN-19 15:48:18,330,J,2,176B1.D,176,614,B,176B3.D,176,624,B,44,2,15,RTG24,0,8,2,10,70,2,95.83333333,5
11510027,17-JAN-19 08:25:43,2019-01-17,8,17-JAN-19 10:06:51,122,L,2,484C3.D,484,98,C,484C3.D,484,108,C,45,2,12,RTG25,0,1,12,13,35,2,27.25,2
11510625,17-JAN-19 10:03:38,2019-01-17,10,17-JAN-19 11:06:53,156,K,2,122B4.D,122,494,B,122B4.C,122,504,B,45,2,14,RTG5,0,0,10,10,40,3,54.31578947,4
11511575,17-JAN-19 12:38:57,2019-01-17,13,17-JAN-19 14:00:52,160,K,2,168B1.A,168,452,B,168B1.A,168,462,B,45,2,14,RTG12,0,1,11,12,34,3,53.5,2
11511783,17-JAN-19 13:11:33,2019-01-17,13,17-JAN-19 14:19:53,364,K,2,430M1.A,430,394,M,430M5.E,430,404,M,45,2,4,RTG13,0,8,4,12,41,1,60.875,2
11512611,17-JAN-19 15:16:35,2019-01-17,15,17-JAN-19 16:19:27,209,K,2,245B3.C,245,424,B,245B3.C,245,434,B,45,2,14,RTG5,0,3,20,23,59,2,52.45454545,3
11512765,17-JAN-19 15:46:20,2019-01-17,16,17-JAN-19 16:51:48,345,L,2,271B1.A,271,534,B,271B1.A,271,544,B,45,2,13,RTG11,0,7,6,13,45,2,47.76470588,2
11510976,17-JAN-19 10:55:42,2019-01-17,11,17-JAN-19 13:12:12,171,L,2,149B2.C,149,482,B,149B2.B,149,492,B,61,3,13,RTG9,0,1,1,2,34,3,21,2
11511658,17-JAN-19 12:52:20,2019-01-17,13,17-JAN-19 14:13:55,370,K,2,176B8.D,176,654,B,176B8.C,176,664,B,46,2,14,RTG13,0,9,4,13,38,1,41,2
11512050,17-JAN-19 13:53:09,2019-01-17,14,17-JAN-19 15:13:19,239,I,2,105D1.B,105,594,D,105D1.A,105,604,D,46,2,14,RTG6,0,17,1,18,52,3,57.5,4
11512560,17-JAN-19 15:08:44,2019-01-17,15,17-JAN-19 16:25:53,126,L,2,122B1.B,122,464,B,122B2.A,122,474,B,46,2,13,RTG23,0,9,6,15,53,3,42.69230769,3
11513009,17-JAN-19 16:43:41,2019-01-17,17,17-JAN-19 19:03:31,334,J,2,264M5.A,264,530,M,264M7.C,264,540,M,46,2,5,RTG9,0,0,6,6,59,2,67.1,2
11510433,17-JAN-19 09:33:37,2019-01-17,10,17-JAN-19 10:42:33,356,J,2,376E1.D,376,440,E,376E1.D,376,450,E,47,2,12,RTG7,0,0,5,5,45,2,56.85714286,4
11511403,17-JAN-19 12:10:25,2019-01-17,12,17-JAN-19 13:20:00,360,I,2,272M7.E,272,548,M,272M7.D,272,558,M,47,2,6,RTG10,0,0,13,13,50,2,28.42857143,4
11511411,17-JAN-19 12:11:35,2019-01-17,12,17-JAN-19 13:30:21,238,K,2,430M4.E,430,268,M,430M7.D,430,278,M,47,2,4,RTG12,0,0,10,10,24,3,15.16666667,3
11511600,17-JAN-19 12:42:13,2019-01-17,13,17-JAN-19 13:57:26,219,L,2,245B8.D,245,434,B,245B8.D,245,444,B,47,2,13,RTG25,0,8,3,11,42,2,36.85714286,2
11511882,17-JAN-19 13:26:42,2019-01-17,13,17-JAN-19 15:10:34,327,I,2,463B5.D,463,324,B,463B5.C,463,334,B,47,2,16,RTG14,0,0,4,4,51,1,58,2
11511924,17-JAN-19 13:34:06,2019-01-17,14,17-JAN-19 15:10:04,361,J,2,463B4.C,463,358,B,463B4.B,463,368,B,47,2,15,RTG24,0,0,8,8,67,1,69.2,5
11510068,17-JAN-19 08:33:45,2019-01-17,9,17-JAN-19 09:47:58,73,L,2,257B4.B,257,276,B,257B4.B,257,286,B,48,2,13,RTG25,0,4,9,13,35,1,26,4
11510987,17-JAN-19 10:57:03,2019-01-17,11,17-JAN-19 12:37:42,352,K,2,272M4.A,272,540,M,272M3.D,272,550,M,61,3,4,RTG5,0,4,5,9,28,1,55,2
11511922,17-JAN-19 13:33:48,2019-01-17,14,17-JAN-19 15:18:12,238,K,2,114H5.B,114,584,H,114H5.B,114,594,H,48,2,9,RTG13,0,10,3,13,40,3,41.77777778,4
11511932,17-JAN-19 13:35:37,2019-01-17,14,17-JAN-19 14:49:13,423,K,2,255B2.B,255,628,B,255B2.A,255,638,B,48,2,14,RTG20,0,0,6,6,41,3,41.77777778,4
11510158,17-JAN-19 08:46:02,2019-01-17,9,17-JAN-19 10:08:32,142,I,2,484C2.B,484,118,C,484C2.B,484,128,C,49,2,15,RTG10,0,7,4,11,33,3,26.77777778,5
11510205,17-JAN-19 08:53:56,2019-01-17,9,17-JAN-19 10:11:12,141,K,2,453E1.C,453,148,E,453E1.C,453,158,E,49,2,11,RTG5,0,0,5,5,42,3,28.71428571,4
11511959,17-JAN-19 13:39:21,2019-01-17,14,17-JAN-19 14:57:21,314,H,2,430M1.C,430,344,M,430M3.A,430,354,M,49,2,7,RTG2,0,0,4,4,18,2,44.28571429,2
11511904,17-JAN-19 13:30:12,2019-01-17,14,17-JAN-19 14:48:53,352,I,2,176B6.D,176,636,B,176B6.C,176,646,B,49,2,16,RTG14,0,0,5,5,51,2,59.14285714,4
11511911,17-JAN-19 13:32:20,2019-01-17,14,17-JAN-19 15:18:54,239,I,2,463B4.B,463,236,B,463B4.A,463,246,B,49,2,16,RTG6,0,12,7,19,52,2,57.96428571,4
11511940,17-JAN-19 13:36:29,2019-01-17,14,17-JAN-19 15:06:08,334,I,2,114H5.C,114,680,H,114H5.A,114,690,H,49,2,11,RTG14,0,0,8,8,52,1,54.07692308,4
11511984,17-JAN-19 13:42:08,2019-01-17,14,17-JAN-19 15:42:27,221,J,2,381A3.D,381,300,A,381A3.B,381,310,A,49,2,16,RTG21,0,6,9,15,68,3,103.2,5
11512775,17-JAN-19 15:47:59,2019-01-17,16,17-JAN-19 17:14:14,338,K,2,242B3.D,242,556,B,242B3.D,242,566,B,49,2,14,RTG20,0,3,19,22,59,1,28.15384615,2
11509592,17-JAN-19 07:05:08,2019-01-17,7,17-JAN-19 08:26:49,206,J,2,430M13.B,430,236,M,434M2.A,434,242,M,50,2,5,RTG21,0,0,4,4,12,1,12.83333333,2
11509980,17-JAN-19 08:17:17,2019-01-17,8,17-JAN-19 09:29:43,413,K,2,257B5.C,257,616,B,257B5.D,257,626,B,50,2,14,RTG13,0,0,8,8,25,4,2,2
11510140,17-JAN-19 08:43:51,2019-01-17,9,17-JAN-19 10:27:57,183,J,2,149B7.B,149,494,B,149B7.C,149,504,B,50,2,15,RTG8,0,1,16,17,35,3,35.33333333,3
11510210,17-JAN-19 08:54:51,2019-01-17,9,17-JAN-19 10:38:08,311,J,2,241D2.C,241,530,D,241D2.C,241,540,D,50,2,13,RTG21,0,2,9,11,37,1,20.7,3
11510254,17-JAN-19 09:02:45,2019-01-17,9,17-JAN-19 10:47:50,352,K,2,306M2.B,306,506,M,306M2.B,306,516,M,50,2,4,RTG5,0,0,8,8,46,2,27.6,4
11510266,17-JAN-19 09:06:01,2019-01-17,9,17-JAN-19 10:40:02,364,K,2,260M5.A,260,564,M,260M4.D,260,574,M,50,2,4,RTG5,0,0,9,9,46,2,27,4
11510796,17-JAN-19 10:29:09,2019-01-17,10,17-JAN-19 12:19:07,206,I,2,222B2.A,222,444,B,222B3.A,222,454,B,50,2,16,RTG14,0,5,3,8,30,3,20.95833333,5
11510983,17-JAN-19 10:57:21,2019-01-17,11,17-JAN-19 13:29:18,365,L,2,451E1.B,451,374,E,451E3.C,451,384,E,110,3,10,RTG9,0,3,0,3,35,1,22.0625,2
11511694,17-JAN-19 12:57:27,2019-01-17,13,17-JAN-19 14:21:53,421,K,2,463B6.B,463,418,B,463B6.A,463,428,B,50,2,14,RTG5,0,1,3,4,41,1,41,2
11511760,17-JAN-19 13:08:05,2019-01-17,13,17-JAN-19 14:47:42,352,I,2,176B6.C,176,636,B,176B7.D,176,646,B,50,2,16,RTG14,0,0,2,2,62,1,57.69230769,2
11511960,17-JAN-19 13:39:01,2019-01-17,14,17-JAN-19 15:00:17,280,K,2,176B4.A,176,564,B,176B5.D,176,574,B,50,2,14,RTG5,0,0,5,5,41,3,50.11111111,4
11512485,17-JAN-19 14:57:22,2019-01-17,15,17-JAN-19 16:36:27,152,K,2,452B3.D,452,160,B,452B3.A,452,170,B,50,2,14,RTG5,0,4,14,18,54,3,52.61538462,3
11512848,17-JAN-19 16:05:38,2019-01-17,16,17-JAN-19 17:40:01,259,K,2,271B1.D,271,448,B,271B1.D,271,458,B,50,2,14,RTG20,0,16,5,21,52,2,35.58333333,2
11512862,17-JAN-19 16:09:08,2019-01-17,16,17-JAN-19 17:21:41,226,L,2,252B2.C,252,434,B,252B3.C,252,444,B,50,2,13,RTG23,0,7,6,13,44,1,35.58823529,2
11509570,17-JAN-19 07:01:31,2019-01-17,7,17-JAN-19 08:19:24,202,J,2,306B3.C,306,356,B,306B3.C,306,366,B,51,2,15,RTG21,0,0,3,3,9,1,12.83333333,2
11509954,17-JAN-19 08:13:16,2019-01-17,8,17-JAN-19 09:21:08,130,I,2,430M10.A,430,160,M,430M12.C,430,170,M,51,2,6,RTG6,0,2,9,11,26,3,16.90909091,2
11509962,17-JAN-19 08:14:17,2019-01-17,8,17-JAN-19 09:21:14,138,I,2,114H1.B,114,484,H,114H1.B,114,494,H,51,2,11,RTG6,0,2,10,12,27,1,19,2
11510530,17-JAN-19 09:47:10,2019-01-17,10,17-JAN-19 11:14:18,468,L,2,260M6.A,260,668,M,260M6.E,260,678,M,51,2,3,RTG11,0,9,2,11,38,1,50.19047619,4
11511218,17-JAN-19 11:34:39,2019-01-17,12,17-JAN-19 13:21:18,223,K,2,181F1.A,181,502,F,181F1.A,181,512,F,51,2,10,RTG13,0,0,2,2,22,4,35.7,3
11511507,17-JAN-19 12:26:18,2019-01-17,12,17-JAN-19 13:51:11,88,I,2,430M4.D,430,118,M,430M4.A,430,128,M,51,2,6,RTG6,0,1,25,26,54,1,26.375,4
11511536,17-JAN-19 12:32:38,2019-01-17,13,17-JAN-19 13:56:09,370,K,2,334B2.D,334,496,B,334B3.D,334,506,B,51,2,14,RTG13,0,7,5,12,31,4,23.66666667,2
11511869,17-JAN-19 13:24:58,2019-01-17,13,17-JAN-19 14:48:18,406,L,2,172B2.B,172,694,B,172B2.B,172,704,B,51,2,13,RTG11,0,0,6,6,40,2,56.70588235,2
11511894,17-JAN-19 13:29:00,2019-01-17,13,17-JAN-19 15:48:15,222,L,2,356B7.D,356,326,B,364C5.B,364,328,C,51,2,13,RTG25,0,2,6,8,42,1,62.125,2
11509707,17-JAN-19 07:27:08,2019-01-17,7,17-JAN-19 09:21:55,465,I,2,453E5.D,453,472,E,453E5.A,453,482,E,52,2,13,RTG10,0,3,2,5,17,3,59.5,2
11510295,17-JAN-19 09:10:20,2019-01-17,9,17-JAN-19 10:39:22,309,J,2,241D2.D,241,528,D,241D2.D,241,538,D,52,2,13,RTG21,0,0,9,9,37,1,22.5,3
11511447,17-JAN-19 12:17:52,2019-01-17,12,17-JAN-19 13:55:07,257,K,2,306B1.D,306,411,B,306B1.D,306,421,B,52,2,14,RTG12,0,0,13,13,26,2,21.4,3
11512083,17-JAN-19 13:58:28,2019-01-17,14,17-JAN-19 15:45:46,155,I,2,463B3.D,463,152,B,463B3.C,463,162,B,52,2,16,RTG6,0,0,16,16,49,1,39.5,4
11510126,17-JAN-19 08:41:14,2019-01-17,9,17-JAN-19 10:00:37,167,I,2,453E1.C,453,174,E,453E2.D,453,184,E,53,2,13,RTG10,0,8,3,11,33,1,24.8,5
11510141,17-JAN-19 08:44:21,2019-01-17,9,17-JAN-19 10:01:44,234,K,2,430M9.E,430,264,M,430M11.A,430,274,M,53,2,4,RTG12,0,4,6,10,38,2,24.14285714,4
11510377,17-JAN-19 09:25:00,2019-01-17,9,17-JAN-19 10:36:43,121,J,2,149B6.D,149,432,B,149B6.C,149,442,B,53,2,15,RTG8,0,7,9,16,42,1,35.28571429,3
11512011,17-JAN-19 13:46:39,2019-01-17,14,17-JAN-19 15:12:24,414,H,2,122B3.D,122,752,B,122B3.C,122,762,B,53,2,17,RTG2,0,0,5,5,20,1,43,2
11511842,17-JAN-19 13:20:37,2019-01-17,13,17-JAN-19 14:27:55,438,J,2,430M1.E,430,468,M,430M4.B,430,478,M,53,2,5,RTG24,0,0,6,6,65,2,61.66666667,2
11512257,17-JAN-19 14:23:02,2019-01-17,14,17-JAN-19 15:42:01,202,I,2,330C1.C,330,332,C,330C1.C,330,342,C,53,2,15,RTG14,0,15,1,16,47,1,42.76470588,4
11512542,17-JAN-19 15:06:38,2019-01-17,15,17-JAN-19 16:36:47,434,K,2,452B2.B,452,442,B,452B3.C,452,452,B,53,2,14,RTG20,0,7,12,19,52,2,48.64285714,3
11512838,17-JAN-19 16:04:18,2019-01-17,16,17-JAN-19 17:39:39,385,L,2,271B1.C,271,574,B,271B1.C,271,584,B,53,2,13,RTG23,0,10,2,12,45,3,38.64705882,2
11509782,17-JAN-19 07:42:51,2019-01-17,8,17-JAN-19 08:58:07,221,K,2,277B5.C,277,404,B,277B5.C,277,414,B,54,2,14,RTG13,0,5,1,6,17,1,28.3,2
11511189,17-JAN-19 11:30:31,2019-01-17,12,17-JAN-19 12:58:51,130,L,2,430M4.A,430,160,M,430M6.B,430,170,M,54,2,3,RTG25,0,0,8,8,42,1,25.63636364,4
11511858,17-JAN-19 13:22:50,2019-01-17,13,17-JAN-19 15:16:44,359,J,2,463B5.C,463,356,B,463B5.B,463,366,B,54,2,15,RTG24,0,0,7,7,64,1,65.2,2
11511988,17-JAN-19 13:43:33,2019-01-17,14,17-JAN-19 16:07:11,310,K,2,176B4.D,176,594,B,176B4.B,176,604,B,54,2,14,RTG5,0,0,7,7,43,2,48.8,4
11511997,17-JAN-19 13:44:09,2019-01-17,14,17-JAN-19 16:04:08,284,J,2,222B1.A,222,522,B,222B2.A,222,532,B,54,2,15,RTG7,0,0,24,24,69,1,114.2727273,5
11510283,17-JAN-19 09:08:20,2019-01-17,9,17-JAN-19 10:22:03,152,J,2,430M9.D,430,182,M,430M9.A,430,192,M,55,2,5,RTG8,0,5,12,17,37,1,23.4,3
11511852,17-JAN-19 13:22:11,2019-01-17,13,17-JAN-19 14:52:11,414,L,2,426M15.A,426,448,M,426M15.A,426,458,M,55,2,3,RTG11,0,0,5,5,40,1,55.25,2
11512063,17-JAN-19 13:55:29,2019-01-17,14,17-JAN-19 16:09:45,276,J,2,168B1.D,168,568,B,168B1.D,168,578,B,55,2,15,RTG7,0,0,26,26,68,2,135.75,5
11512070,17-JAN-19 13:56:08,2019-01-17,14,17-JAN-19 16:10:00,276,K,2,172B2.D,172,564,B,172B2.D,172,574,B,55,2,14,RTG5,0,0,9,9,45,1,61.84615385,4
11512418,17-JAN-19 14:46:42,2019-01-17,15,17-JAN-19 16:15:36,214,K,2,334B1.D,334,340,B,334B2.D,334,350,B,55,2,14,RTG5,0,8,6,14,51,2,49.33333333,3
11512804,17-JAN-19 15:54:15,2019-01-17,16,17-JAN-19 17:20:03,72,I,2,122H4.A,122,410,H,122H3.C,122,420,H,55,2,11,RTG14,0,8,2,10,44,3,31.71428571,2
11509778,17-JAN-19 07:41:59,2019-01-17,8,17-JAN-19 09:13:01,260,L,2,376E1.B,376,344,E,376E1.A,376,354,E,56,2,10,RTG25,0,6,7,13,28,3,31,2
11510329,17-JAN-19 09:15:59,2019-01-17,9,17-JAN-19 10:34:06,125,J,2,451E8.D,451,134,E,451E8.C,451,144,E,56,2,12,RTG8,0,8,9,17,41,2,21.8,3
11510408,17-JAN-19 09:30:08,2019-01-17,10,17-JAN-19 10:45:08,83,J,2,277B1.A,277,266,B,277B2.C,277,276,B,56,2,15,RTG8,0,4,13,17,42,1,48.2,4
11510633,17-JAN-19 10:05:11,2019-01-17,10,17-JAN-19 11:21:22,139,K,2,451E4.B,451,148,E,451E4.A,451,158,E,56,2,11,RTG5,0,0,11,11,38,1,53.54545455,4
11512089,17-JAN-19 14:00:21,2019-01-17,14,17-JAN-19 16:02:31,452,H,2,176B3.C,176,736,B,176B2.B,176,746,B,56,2,17,RTG2,0,0,6,6,20,2,64,2
11511877,17-JAN-19 13:25:48,2019-01-17,13,17-JAN-19 14:47:20,314,H,2,430M1.D,430,344,M,430M4.D,430,354,M,56,2,7,RTG2,0,0,3,3,19,2,54.25,1
11512037,17-JAN-19 13:51:01,2019-01-17,14,17-JAN-19 16:14:32,306,K,2,176B3.A,176,590,B,176B4.D,176,600,B,56,2,14,RTG20,0,0,9,9,45,1,61.4,4
11512652,17-JAN-19 15:23:25,2019-01-17,15,17-JAN-19 16:49:12,155,L,2,245B2.B,245,370,B,245B2.B,245,380,B,56,2,13,RTG23,0,7,9,16,48,1,44.53846154,3
11510161,17-JAN-19 08:47:03,2019-01-17,9,17-JAN-19 10:02:55,157,I,2,277B2.A,277,340,B,277B3.D,277,350,B,57,2,16,RTG10,0,7,5,12,35,2,28.375,5
11510613,17-JAN-19 10:02:15,2019-01-17,10,17-JAN-19 12:53:42,72,I,2,456C3.B,456,76,C,456C3.A,456,86,C,57,2,15,RTG6,0,0,2,2,34,1,24.15,5
11512012,17-JAN-19 13:46:58,2019-01-17,14,17-JAN-19 15:21:13,226,I,2,122B2.A,122,564,B,122B3.C,122,574,B,57,2,16,RTG6,0,10,7,17,52,1,45.55555556,4
11509741,17-JAN-19 07:33:17,2019-01-17,8,17-JAN-19 09:06:52,276,J,2,376E1.A,376,360,E,376E2.D,376,370,E,58,2,12,RTG21,0,0,8,8,21,2,33.33333333,2
11510043,17-JAN-19 08:28:22,2019-01-17,8,17-JAN-19 09:51:42,175,L,2,105E1.B,105,530,E,105E1.B,105,540,E,58,2,10,RTG23,0,0,3,3,35,2,26.5,2
11510133,17-JAN-19 08:42:47,2019-01-17,9,17-JAN-19 10:02:37,225,K,2,453E1.D,453,232,E,453E2.C,453,242,E,58,2,11,RTG12,0,4,6,10,38,1,24.16666667,4
11511415,17-JAN-19 12:12:10,2019-01-17,12,17-JAN-19 13:35:59,142,I,2,334B3.D,334,268,B,334B3.A,334,278,B,58,2,16,RTG6,0,0,24,24,50,2,24,4
11512110,17-JAN-19 14:03:28,2019-01-17,14,17-JAN-19 15:26:06,152,K,2,430M2.A,430,182,M,430M4.E,430,192,M,58,2,4,RTG13,0,9,3,12,46,3,61.5,4
11512495,17-JAN-19 14:58:41,2019-01-17,15,17-JAN-19 16:14:50,457,K,2,245B2.A,245,672,B,245B3.B,245,682,B,58,2,14,RTG20,0,8,11,19,54,1,52.61538462,3
11512529,17-JAN-19 15:04:32,2019-01-17,15,17-JAN-19 16:29:20,171,J,2,259N3.B,259,372,N,259N3.C,259,382,N,58,2,4,RTG7,0,18,11,29,68,2,89.78947368,3
11512866,17-JAN-19 16:10:16,2019-01-17,16,17-JAN-19 18:57:50,360,I,2,134N4.C,134,686,N,134N4.A,134,696,N,58,2,5,RTG5,0,0,1,1,41,4,40.72727273,2
11510153,17-JAN-19 08:17:05,2019-01-17,8,17-JAN-19 09:41:33,80,J,2,122B2.B,122,418,B,122B5.C,122,428,B,59,2,15,RTG8,0,6,4,10,24,1,15,2
11510147,17-JAN-19 08:45:30,2019-01-17,9,17-JAN-19 10:13:30,468,L,2,172B6.B,172,756,B,172B6.C,172,766,B,59,2,13,RTG11,0,0,4,4,38,2,22.18181818,4
11511240,17-JAN-19 11:38:24,2019-01-17,12,17-JAN-19 13:06:36,155,I,2,451E1.C,451,164,E,451E2.B,451,174,E,59,2,13,RTG6,0,0,12,12,37,1,26,4
11510106,17-JAN-19 08:38:50,2019-01-17,9,17-JAN-19 10:19:48,427,K,2,101D1.A,101,786,D,101D1.A,101,796,D,60,2,12,RTG20,0,0,12,12,34,1,26.42857143,4
11510120,17-JAN-19 08:39:57,2019-01-17,9,17-JAN-19 10:58:29,388,K,2,472C3.C,472,376,C,472C3.C,472,386,C,60,2,13,RTG5,0,0,3,3,37,3,26.42857143,4
11511022,17-JAN-19 11:04:54,2019-01-17,11,17-JAN-19 11:44:20,265,K,2,430M3.D,430,295,M,430M7.E,430,305,M,15,1,4,RTG5,0,1,8,9,26,1,42.75,2
11511424,17-JAN-19 12:13:59,2019-01-17,12,17-JAN-19 14:04:37,206,J,2,114H4.B,114,552,H,114H4.C,114,562,H,60,2,10,RTG21,0,0,15,15,59,1,55,4
11511561,17-JAN-19 12:37:12,2019-01-17,13,17-JAN-19 14:31:46,415,K,2,463B7.A,463,412,B,463B7.A,463,422,B,60,2,14,RTG5,0,0,1,1,33,4,46,2
11512425,17-JAN-19 14:47:25,2019-01-17,15,17-JAN-19 16:41:24,118,L,2,452B3.A,452,126,B,452B3.A,452,136,B,60,2,13,RTG23,0,13,3,16,54,2,60.13333333,3
11512731,17-JAN-19 15:39:00,2019-01-17,16,17-JAN-19 17:07:08,330,J,2,356B7.D,356,434,B,364C5.C,364,436,C,60,2,15,RTG24,0,3,9,12,62,2,91.8125,2
11511033,17-JAN-19 11:06:59,2019-01-17,11,17-JAN-19 12:13:17,207,L,2,417F2.B,417,250,F,417F2.B,417,260,F,27,1,9,RTG23,0,5,10,15,36,2,14.66666667,2
11511047,17-JAN-19 11:07:41,2019-01-17,11,17-JAN-19 12:47:20,227,K,2,401F5.D,401,286,F,401F5.D,401,296,F,62,3,10,RTG13,0,0,1,1,25,3,37.625,2
11511256,17-JAN-19 11:38:40,2019-01-17,12,17-JAN-19 13:21:29,284,L,2,252B7.D,252,492,B,252B6.A,252,502,B,61,3,13,RTG9,0,0,10,10,42,1,24.23076923,4
11511504,17-JAN-19 12:26:18,2019-01-17,12,17-JAN-19 14:03:11,202,L,2,122H3.C,122,540,H,122H3.C,122,550,H,61,3,8,RTG25,0,10,4,14,43,2,45.8,4
11511750,17-JAN-19 13:06:50,2019-01-17,13,17-JAN-19 14:42:28,423,K,2,463B6.D,463,420,B,463B6.C,463,430,B,61,3,14,RTG20,0,0,2,2,42,1,50.25,2
11511732,17-JAN-19 13:03:41,2019-01-17,13,17-JAN-19 14:24:03,314,H,2,430M2.C,430,344,M,430M5.C,430,354,M,61,3,7,RTG4,0,1,12,13,17,3,38.28571429,1
11511038,17-JAN-19 11:07:50,2019-01-17,11,17-JAN-19 12:06:51,171,J,2,149B2.D,149,482,B,149B2.C,149,492,B,30,1,15,RTG7,0,12,6,18,45,1,49.47058824,2
11509833,17-JAN-19 07:53:10,2019-01-17,8,17-JAN-19 09:17:52,138,I,2,168B2.D,168,430,B,168B2.D,168,440,B,62,3,16,RTG6,0,5,7,12,22,2,34.9,2
11511065,17-JAN-19 11:11:17,2019-01-17,11,17-JAN-19 12:24:20,152,J,2,334B4.A,334,278,B,334B5.C,334,288,B,28,1,15,RTG7,0,12,6,18,46,1,51.76470588,2
11511781,17-JAN-19 13:11:15,2019-01-17,13,17-JAN-19 16:08:45,361,L,2,105D2.C,105,716,D,105D2.C,105,726,D,62,3,11,RTG23,0,0,3,3,41,1,40.92307692,2
11510230,17-JAN-19 08:59:31,2019-01-17,9,17-JAN-19 10:21:59,152,J,2,430M7.C,430,182,M,430M10.C,430,192,M,63,3,5,RTG8,0,4,11,15,38,4,17.375,3
11511603,17-JAN-19 12:42:24,2019-01-17,13,17-JAN-19 14:08:54,214,J,2,430M2.B,430,244,M,430M6.C,430,254,M,63,3,5,RTG21,0,5,12,17,55,1,63.05882353,2
11511888,17-JAN-19 13:28:12,2019-01-17,13,17-JAN-19 15:01:37,338,L,2,222B2.B,222,576,B,222B3.D,222,586,B,63,3,13,RTG23,0,0,6,6,41,3,57.6875,2
11509820,17-JAN-19 07:50:13,2019-01-17,8,17-JAN-19 10:11:06,370,K,2,114A2.B,114,716,A,114A2.B,114,726,A,64,3,15,RTG20,0,0,4,4,19,1,27.72727273,2
11510168,17-JAN-19 08:47:44,2019-01-17,9,17-JAN-19 10:37:29,352,J,2,260M2.B,260,552,M,260M3.B,260,562,M,64,3,5,RTG7,0,0,2,2,34,2,24.4,3
11511235,17-JAN-19 11:37:21,2019-01-17,12,17-JAN-19 13:10:40,261,I,2,255B5.A,255,466,B,255B6.D,255,476,B,64,3,16,RTG10,0,0,6,6,36,1,25.27272727,4
11512512,17-JAN-19 15:01:03,2019-01-17,15,17-JAN-19 16:55:52,164,L,2,452B2.A,452,172,B,452B3.B,452,182,B,64,3,13,RTG23,0,10,6,16,52,2,41,3
11511319,17-JAN-19 11:55:32,2019-01-17,12,17-JAN-19 13:16:44,368,I,2,222B2.C,222,606,B,222B3.A,222,616,B,65,3,16,RTG10,0,0,9,9,41,1,29.875,4
11511397,17-JAN-19 12:08:27,2019-01-17,12,17-JAN-19 13:33:23,402,L,2,272M9.B,272,590,M,272M7.D,272,600,M,65,3,3,RTG9,0,14,0,14,42,2,38,4
11511574,17-JAN-19 12:38:59,2019-01-17,13,17-JAN-19 14:13:48,364,K,2,430M3.D,430,394,M,430M6.B,430,404,M,65,3,4,RTG13,0,5,8,13,35,1,53.5,2
11511861,17-JAN-19 13:23:27,2019-01-17,13,17-JAN-19 15:05:06,318,J,2,222B2.B,222,556,B,222B3.C,222,566,B,65,3,15,RTG21,0,14,1,15,64,1,66.18181818,2
11510195,17-JAN-19 08:51:56,2019-01-17,9,17-JAN-19 10:29:32,311,J,2,149B6.A,149,622,B,149B7.D,149,632,B,66,3,15,RTG21,0,2,9,11,37,1,21.44444444,3
11511823,17-JAN-19 13:16:59,2019-01-17,13,17-JAN-19 15:05:19,306,H,2,468C2.B,468,298,C,468C2.A,468,308,C,66,3,16,RTG2,0,0,2,2,19,4,49.77777778,1
11511079,17-JAN-19 11:13:07,2019-01-17,11,17-JAN-19 12:44:05,75,L,2,105D5.D,105,430,D,105D5.D,105,440,D,15,1,11,RTG25,0,0,4,4,38,1,16.09090909,2
11509727,17-JAN-19 07:30:57,2019-01-17,8,17-JAN-19 08:56:20,152,J,2,434M2.E,434,178,M,434M1.A,434,188,M,67,3,5,RTG8,0,6,4,10,20,2,33,2
11511077,17-JAN-19 11:13:14,2019-01-17,11,17-JAN-19 13:01:15,152,K,2,468C4.B,468,144,C,468C4.A,468,154,C,55,2,13,RTG12,0,0,3,3,25,4,31.58333333,2
11511736,17-JAN-19 13:04:39,2019-01-17,13,17-JAN-19 14:37:36,310,H,2,430M2.D,430,340,M,430M5.C,430,350,M,67,3,7,RTG2,0,0,1,1,18,3,38.28571429,1
11511777,17-JAN-19 13:10:58,2019-01-17,13,17-JAN-19 14:42:34,318,H,2,430M2.E,430,348,M,430M5.D,430,358,M,67,3,7,RTG2,0,0,1,1,19,1,43.75,1
11509963,17-JAN-19 08:14:30,2019-01-17,8,17-JAN-19 09:53:23,310,K,2,342E3.B,342,428,E,342E3.B,342,438,E,68,3,11,RTG13,0,1,7,8,26,2,4.625,2
11511085,17-JAN-19 11:13:53,2019-01-17,11,17-JAN-19 13:13:03,272,I,2,122B1.C,122,610,B,122B2.B,122,620,B,75,3,16,RTG10,0,0,2,2,28,2,1.666666667,2
11512343,17-JAN-19 14:34:03,2019-01-17,15,17-JAN-19 16:20:17,402,L,2,242B8.C,242,620,B,242B8.C,242,630,B,68,3,13,RTG11,0,3,10,13,50,2,58.72727273,3
11512354,17-JAN-19 14:35:52,2019-01-17,15,17-JAN-19 16:12:16,329,I,2,245B4.C,245,544,B,245B4.C,245,554,B,68,3,16,RTG16,0,7,2,9,51,1,54.375,3
11510046,17-JAN-19 08:28:49,2019-01-17,8,17-JAN-19 10:15:26,214,K,2,122B1.A,122,552,B,122B5.B,122,562,B,69,3,14,RTG12,0,4,1,5,29,2,20.28571429,2
11510577,17-JAN-19 09:54:39,2019-01-17,10,17-JAN-19 11:36:08,464,K,2,260M8.B,260,664,M,260M7.C,260,674,M,70,3,4,RTG20,0,10,2,12,44,3,49.58823529,4
11510391,17-JAN-19 09:27:18,2019-01-17,9,17-JAN-19 12:12:48,456,H,2,372M9.E,372,544,M,372M9.C,372,554,M,70,3,7,RTG2,0,0,3,3,9,1,29.8,2
11513043,17-JAN-19 16:55:29,2019-01-17,17,17-JAN-19 19:10:33,438,L,2,134N4.D,134,764,N,134N4.B,134,774,N,70,3,2,RTG11,0,9,5,14,43,2,52.71428571,2
11509828,17-JAN-19 07:51:52,2019-01-17,8,17-JAN-19 09:26:50,327,L,2,271B1.C,271,516,B,271B1.C,271,526,B,71,3,13,RTG23,0,0,1,1,29,2,27,2
11511892,17-JAN-19 13:28:49,2019-01-17,13,17-JAN-19 15:15:56,234,I,2,272M9.D,272,422,M,272M9.C,272,432,M,71,3,6,RTG6,0,8,11,19,51,3,59.88888889,2
11511814,17-JAN-19 13:16:26,2019-01-17,13,17-JAN-19 14:59:12,338,H,2,430M1.C,430,368,M,430M4.C,430,378,M,71,3,7,RTG4,0,1,14,15,18,1,49.77777778,1
11512147,17-JAN-19 14:08:52,2019-01-17,14,17-JAN-19 16:13:11,455,K,2,245B4.A,245,670,B,245B4.B,245,680,B,71,3,14,RTG20,0,0,17,17,51,2,54.5,4
11512821,17-JAN-19 15:59:45,2019-01-17,16,17-JAN-19 17:41:40,418,I,2,242B2.B,242,636,B,242B2.C,242,646,B,71,3,16,RTG16,0,4,9,13,43,3,33.31578947,2
11510450,17-JAN-19 09:36:29,2019-01-17,10,17-JAN-19 11:10:25,241,I,2,105E1.D,105,596,E,105E1.D,105,606,E,72,3,13,RTG16,0,6,0,6,35,2,34,5
11511653,17-JAN-19 12:52:16,2019-01-17,13,17-JAN-19 17:10:30,425,J,2,463B7.D,463,422,B,463B7.C,463,432,B,72,3,15,RTG24,0,3,0,3,56,1,45.53846154,2
11511090,17-JAN-19 11:15:04,2019-01-17,11,17-JAN-19 12:37:08,168,L,2,430M5.B,430,198,M,430M6.C,430,208,M,57,2,3,RTG9,0,0,5,5,40,1,19.72727273,2
11512061,17-JAN-19 13:55:08,2019-01-17,14,17-JAN-19 15:37:29,143,K,2,105D1.C,105,498,D,105D1.B,105,508,D,72,3,12,RTG13,0,8,5,13,43,1,61.84615385,4
11509757,17-JAN-19 07:37:12,2019-01-17,8,17-JAN-19 09:18:36,325,L,2,453E4.A,453,332,E,453E5.B,453,342,E,73,3,10,RTG9,0,3,6,9,24,2,31,2
11510194,17-JAN-19 08:51:50,2019-01-17,9,17-JAN-19 10:23:17,322,J,2,430M8.E,430,352,M,430M10.A,430,362,M,73,3,5,RTG21,0,2,8,10,36,3,21.44444444,3
11510417,17-JAN-19 09:31:25,2019-01-17,10,17-JAN-19 11:45:14,225,J,2,257B3.D,257,428,B,257B3.C,257,438,B,73,3,15,RTG7,0,0,4,4,44,3,51.875,4
11510663,17-JAN-19 10:09:04,2019-01-17,10,17-JAN-19 11:39:18,227,J,2,451E4.D,451,236,E,451E4.B,451,246,E,73,3,12,RTG7,0,0,13,13,50,2,56.07692308,4
11511463,17-JAN-19 11:59:12,2019-01-17,12,17-JAN-19 13:33:14,251,K,2,359C5.A,359,352,C,359C5.A,359,362,C,73,3,13,RTG12,0,0,8,8,24,2,22.7,3
11511488,17-JAN-19 12:24:45,2019-01-17,12,17-JAN-19 14:20:02,84,L,2,272M9.E,272,272,M,272M9.A,272,282,M,73,3,3,RTG9,0,1,15,16,43,2,47.5,4
11509863,17-JAN-19 07:59:51,2019-01-17,8,17-JAN-19 09:30:40,106,I,2,430M11.C,430,136,M,430M12.A,430,146,M,74,3,6,RTG6,0,2,11,13,24,3,20.875,2
11511598,17-JAN-19 12:41:46,2019-01-17,13,17-JAN-19 14:26:41,452,K,2,418D5.D,418,494,D,418D5.D,418,504,D,74,3,12,RTG20,0,0,1,1,39,3,35.66666667,2
11512227,17-JAN-19 14:19:37,2019-01-17,14,17-JAN-19 16:15:45,410,L,2,114A1.B,114,756,A,114A1.B,114,766,A,74,3,14,RTG11,0,5,9,14,49,1,31.25,4
11512892,17-JAN-19 16:15:00,2019-01-17,16,17-JAN-19 18:46:53,122,K,2,452B1.D,452,130,B,452B2.A,452,140,B,74,3,14,RTG20,0,24,0,24,48,4,46.72222222,2
11510000,17-JAN-19 08:21:31,2019-01-17,8,17-JAN-19 10:01:38,356,J,2,356B1.A,356,460,B,356B2.A,356,470,B,75,3,15,RTG21,0,5,2,7,26,2,18.9,2
11511094,17-JAN-19 11:15:29,2019-01-17,11,17-JAN-19 12:05:32,368,I,2,168B2.D,168,660,B,168B2.D,168,670,B,24,1,16,RTG16,0,1,6,7,29,2,1.666666667,2
11509809,17-JAN-19 07:48:39,2019-01-17,8,17-JAN-19 09:24:43,325,L,2,403F1.D,403,382,F,403F1.D,403,392,F,76,3,9,RTG23,0,0,1,1,30,2,30,2
11511091,17-JAN-19 11:15:36,2019-01-17,11,17-JAN-19 13:29:41,284,H,2,222B2.D,222,522,B,222B3.B,222,532,B,83,3,17,RTG4,0,0,3,3,16,1,20,1
11511095,17-JAN-19 11:16:18,2019-01-17,11,17-JAN-19 12:55:42,180,J,2,255B8.D,255,385,B,255B8.D,255,395,B,48,2,15,RTG21,0,0,4,4,46,2,54.86666667,2
11511257,17-JAN-19 11:40:31,2019-01-17,12,17-JAN-19 13:22:52,127,J,2,451E1.D,451,136,E,451E2.C,451,146,E,76,3,12,RTG21,0,0,7,7,55,1,66.8,4
11512713,17-JAN-19 15:35:52,2019-01-17,16,17-JAN-19 17:32:03,263,K,2,439M13.C,439,284,M,163H3.B,163,570,H,76,3,4,RTG20,0,3,16,19,57,1,28.90909091,2
11510111,17-JAN-19 08:39:25,2019-01-17,9,17-JAN-19 10:14:30,164,J,2,222B2.A,222,402,B,222B3.D,222,412,B,77,3,15,RTG8,0,1,13,14,32,1,41.77777778,3
11510570,17-JAN-19 09:54:03,2019-01-17,10,17-JAN-19 12:21:20,365,L,2,257B2.B,257,568,B,257B2.B,257,578,B,77,3,13,RTG23,0,3,2,5,39,1,42.86956522,4
11511097,17-JAN-19 11:16:45,2019-01-17,11,17-JAN-19 13:12:41,465,I,2,255B7.A,255,670,B,255B7.B,255,680,B,38,2,16,RTG16,0,8,0,8,29,4,0.363636364,2
11511287,17-JAN-19 11:46:19,2019-01-17,12,17-JAN-19 14:25:38,252,L,2,430M4.C,430,282,M,430M6.B,430,292,M,77,3,3,RTG9,0,0,12,12,45,2,21.14285714,4
11511348,17-JAN-19 12:01:31,2019-01-17,12,17-JAN-19 13:40:24,234,K,2,430M4.C,430,264,M,430M6.A,430,274,M,77,3,4,RTG12,0,0,9,9,24,1,22.7,3
11511948,17-JAN-19 13:37:51,2019-01-17,14,17-JAN-19 15:30:52,284,L,2,252B5.B,252,492,B,252B5.B,252,502,B,77,3,13,RTG23,0,0,8,8,42,1,66.05555556,4
11512417,17-JAN-19 14:46:20,2019-01-17,15,17-JAN-19 16:29:56,430,K,2,242B7.D,242,648,B,242B7.A,242,658,B,77,3,14,RTG20,0,4,13,17,50,2,49.33333333,3
11510083,17-JAN-19 08:36:25,2019-01-17,9,17-JAN-19 10:34:39,121,J,2,117A1.A,117,464,A,117A1.A,117,474,A,78,3,16,RTG8,0,4,8,12,32,1,42.375,3
11511511,17-JAN-19 12:26:33,2019-01-17,12,17-JAN-19 14:06:24,367,K,2,245B8.C,245,582,B,245B8.C,245,592,B,78,3,14,RTG13,0,4,6,10,27,1,21.5,3
11511567,17-JAN-19 12:37:35,2019-01-17,13,17-JAN-19 14:21:56,452,L,2,334B2.D,334,578,B,334B2.A,334,588,B,78,3,13,RTG11,0,0,2,2,42,1,42.14285714,2
11511689,17-JAN-19 12:56:44,2019-01-17,13,17-JAN-19 16:23:33,352,J,2,122H3.D,122,690,H,122H3.D,122,700,H,78,3,10,RTG7,0,9,6,15,56,1,47.54545455,2
11511913,17-JAN-19 13:32:31,2019-01-17,14,17-JAN-19 15:19:07,323,L,2,181F1.B,181,602,F,181F1.B,181,612,F,78,3,9,RTG23,0,0,7,7,41,2,65.0625,4
11509948,17-JAN-19 08:12:17,2019-01-17,8,17-JAN-19 11:02:21,109,J,2,149B8.D,149,420,B,149B7.A,149,430,B,79,3,15,RTG8,0,3,7,10,24,1,13.22222222,2
11512473,17-JAN-19 14:55:27,2019-01-17,15,17-JAN-19 16:35:06,434,K,2,242B6.B,242,652,B,242B6.B,242,662,B,79,3,14,RTG20,0,4,14,18,53,3,55.30769231,3
11512657,17-JAN-19 15:24:07,2019-01-17,15,17-JAN-19 17:00:42,323,L,2,259N3.C,259,524,N,259N4.B,259,534,N,79,3,2,RTG11,0,3,12,15,50,2,44.53846154,3
11511109,17-JAN-19 11:18:40,2019-01-17,11,17-JAN-19 12:33:43,438,J,2,334B4.B,334,564,B,334B5.D,334,574,B,31,2,15,RTG20,0,0,3,3,46,3,58.46153846,2
11512362,17-JAN-19 14:37:32,2019-01-17,15,17-JAN-19 17:41:50,402,L,2,242B7.A,242,620,B,242B3.B,242,630,B,80,3,13,RTG23,0,0,15,15,53,1,58.36363636,3
11512523,17-JAN-19 15:03:33,2019-01-17,15,17-JAN-19 16:56:02,326,J,2,334B1.D,334,452,B,334B1.A,334,462,B,80,3,15,RTG24,0,7,7,14,67,2,86.05555556,3
11512832,17-JAN-19 16:02:36,2019-01-17,16,17-JAN-19 18:28:17,331,I,2,439M12.B,439,352,M,439M12.B,439,362,M,80,3,6,RTG6,0,0,1,1,41,1,36.84210526,2
11511391,17-JAN-19 12:08:11,2019-01-17,12,17-JAN-19 13:51:50,88,I,2,430M4.C,430,118,M,430M7.E,430,128,M,81,3,6,RTG6,0,0,22,22,48,3,28.42857143,4
11511125,17-JAN-19 11:18:57,2019-01-17,11,17-JAN-19 14:15:47,109,I,2,101E2.C,101,468,E,101E2.C,101,478,E,76,3,13,RTG6,0,0,6,6,31,1,0.363636364,2
11511115,17-JAN-19 11:19:28,2019-01-17,11,17-JAN-19 13:12:59,264,I,2,272M5.B,272,452,M,272M5.B,272,462,M,77,3,6,RTG10,0,0,3,3,31,3,1.25,2
11512171,17-JAN-19 14:11:59,2019-01-17,14,17-JAN-19 16:03:17,464,H,2,184D1.C,184,740,D,184D1.C,184,750,D,82,3,15,RTG4,0,12,1,13,21,2,143,2
11512074,17-JAN-19 13:57:13,2019-01-17,14,17-JAN-19 16:21:59,388,L,2,134N3.B,134,714,N,134N3.B,134,724,N,83,3,2,RTG11,0,0,10,10,43,2,73.2,4
11511118,17-JAN-19 11:19:33,2019-01-17,11,17-JAN-19 15:34:59,330,J,2,272M5.C,272,518,M,272M5.C,272,528,M,197,3,5,RTG7,0,3,16,19,47,1,58.46153846,2
11512705,17-JAN-19 15:34:12,2019-01-17,16,17-JAN-19 19:35:06,329,L,2,259N4.C,259,530,N,259N4.C,259,540,N,83,3,2,RTG11,0,2,11,13,47,3,56.15384615,2
11509973,17-JAN-19 08:16:02,2019-01-17,8,17-JAN-19 10:00:09,110,L,2,122B2.A,122,448,B,122B2.A,122,458,B,84,3,13,RTG25,0,0,15,15,33,1,26.84615385,2
11511976,17-JAN-19 13:40:52,2019-01-17,14,17-JAN-19 15:58:00,468,H,2,468C2.D,468,460,C,468C2.D,468,470,C,84,3,16,RTG4,0,13,1,14,19,1,44.28571429,2
11509848,17-JAN-19 07:55:27,2019-01-17,8,17-JAN-19 09:39:39,67,L,2,277B4.A,277,250,B,277B4.A,277,260,B,85,3,13,RTG25,0,2,11,13,32,2,28.42857143,2
11509905,17-JAN-19 08:06:14,2019-01-17,8,17-JAN-19 09:53:21,377,K,2,241D2.A,241,596,D,241D2.A,241,606,D,85,3,12,RTG20,0,0,6,6,23,1,2,2
11512585,17-JAN-19 15:12:29,2019-01-17,15,17-JAN-19 17:05:59,122,K,2,468C1.D,468,114,C,468C1.D,468,124,C,85,3,13,RTG5,0,6,15,21,57,1,54.18181818,3
11509761,17-JAN-19 07:38:24,2019-01-17,8,17-JAN-19 09:19:32,468,L,2,430M12.B,430,498,M,434M1.C,434,504,M,86,3,3,RTG11,0,0,1,1,25,4,31,2
11511544,17-JAN-19 12:34:16,2019-01-17,13,17-JAN-19 15:34:04,365,J,2,463B8.D,463,362,B,463B8.C,463,372,B,86,3,15,RTG24,0,1,1,2,54,2,62.05882353,2
11511630,17-JAN-19 12:46:50,2019-01-17,13,17-JAN-19 15:28:05,323,L,2,463B7.C,463,320,B,463B7.B,463,330,B,86,3,13,RTG23,0,0,1,1,41,2,36,2
11509942,17-JAN-19 08:11:23,2019-01-17,8,17-JAN-19 11:12:39,352,J,2,356B2.B,356,456,B,356B3.C,356,466,B,87,3,15,RTG21,0,5,3,8,24,1,4.75,2
11512951,17-JAN-19 16:28:43,2019-01-17,16,17-JAN-19 19:04:27,421,J,2,439M11.D,439,442,M,439M11.B,439,452,M,87,3,5,RTG7,0,8,12,20,56,2,65.5,2
11511593,17-JAN-19 12:41:29,2019-01-17,13,17-JAN-19 14:51:07,314,K,2,430M2.A,430,344,M,430M3.B,430,354,M,89,3,4,RTG5,0,1,2,3,38,2,35.66666667,2
11512144,17-JAN-19 14:08:05,2019-01-17,14,17-JAN-19 16:04:26,455,K,2,463B2.D,463,452,B,463B2.C,463,462,B,89,3,14,RTG20,0,0,16,16,51,2,60.14285714,4
11511705,17-JAN-19 12:59:32,2019-01-17,13,17-JAN-19 15:29:15,323,L,2,245B7.D,245,538,B,245B7.D,245,548,B,90,3,13,RTG23,0,0,1,1,38,2,35.26666667,2
11511712,17-JAN-19 13:00:24,2019-01-17,13,17-JAN-19 14:54:26,337,I,2,255B4.D,255,542,B,255B4.C,255,552,B,90,3,16,RTG14,0,0,1,1,65,1,37.2,2
11512113,17-JAN-19 14:03:49,2019-01-17,14,17-JAN-19 16:10:20,457,L,2,255B1.B,255,662,B,255B1.B,255,672,B,90,3,13,RTG11,0,0,13,13,43,3,58.22222222,4
11510706,17-JAN-19 10:14:44,2019-01-17,10,17-JAN-19 13:20:51,272,J,2,114H3.B,114,618,H,114H3.B,114,628,H,91,3,10,RTG7,0,0,17,17,54,2,58.84615385,4
11511312,17-JAN-19 11:54:22,2019-01-17,12,17-JAN-19 13:44:15,370,K,2,272M7.D,272,558,M,272N1.B,272,568,N,91,3,4,RTG13,0,0,8,8,24,3,28.54545455,3
11509798,17-JAN-19 07:45:16,2019-01-17,8,17-JAN-19 09:48:45,75,J,2,101D2.C,101,434,D,101D2.C,101,444,D,92,3,13,RTG8,0,6,5,11,22,4,27.5,2
11509907,17-JAN-19 08:06:21,2019-01-17,8,17-JAN-19 10:37:15,159,I,2,453E4.C,453,166,E,453E5.D,453,176,E,92,3,13,RTG10,0,8,1,9,25,1,20,2
11509937,17-JAN-19 08:11:02,2019-01-17,8,17-JAN-19 09:59:38,370,K,2,430M11.D,430,400,M,430M12.B,430,410,M,92,3,4,RTG20,0,0,8,8,25,1,2.75,2
11511884,17-JAN-19 13:27:29,2019-01-17,13,17-JAN-19 16:06:50,457,K,2,381A3.B,381,536,A,381A3.C,381,546,A,92,3,15,RTG20,0,0,5,5,40,2,45.77777778,2
11511646,17-JAN-19 12:50:28,2019-01-17,13,17-JAN-19 15:08:01,384,H,2,176B8.C,176,668,B,176B8.B,176,678,B,92,3,17,RTG4,0,3,9,12,17,1,27.5,1
11510695,17-JAN-19 10:13:09,2019-01-17,10,17-JAN-19 12:26:32,118,J,2,122B2.B,122,456,B,122B3.B,122,466,B,94,3,15,RTG7,0,0,15,15,52,1,55.83333333,4
11512645,17-JAN-19 15:22:43,2019-01-17,15,17-JAN-19 18:45:51,425,K,2,325N1.B,325,560,N,323N3.D,323,572,N,94,3,3,RTG5,0,2,24,26,63,1,38.625,3
11511120,17-JAN-19 11:19:46,2019-01-17,11,17-JAN-19 13:02:22,321,L,2,149B1.A,149,632,B,149B1.B,149,642,B,67,3,13,RTG9,0,0,6,6,41,4,23.6,2
11511285,17-JAN-19 11:45:28,2019-01-17,12,17-JAN-19 13:42:50,222,L,2,456C2.C,456,226,C,456C2.C,456,236,C,95,3,12,RTG25,0,0,12,12,44,3,21.14285714,4
11511782,17-JAN-19 13:11:21,2019-01-17,13,17-JAN-19 15:18:17,288,J,2,272M8.D,272,476,M,272M8.D,272,486,M,95,3,5,RTG21,0,8,7,15,63,3,48.88888889,2
11512161,17-JAN-19 14:10:27,2019-01-17,14,17-JAN-19 16:10:32,102,L,2,184D1.B,184,378,D,184D1.B,184,388,D,96,3,11,RTG23,0,0,10,10,45,1,48.5,4
11512618,17-JAN-19 15:18:05,2019-01-17,15,17-JAN-19 17:27:02,302,K,2,452B2.D,452,310,B,452B3.D,452,320,B,96,3,14,RTG20,0,6,12,18,60,1,57.7,3
11509630,17-JAN-19 07:10:48,2019-01-17,7,17-JAN-19 09:28:20,83,J,2,453E6.C,453,90,E,453E6.B,453,100,E,97,3,12,RTG8,0,0,6,6,14,4,15.28571429,2
11510675,17-JAN-19 10:10:14,2019-01-17,10,17-JAN-19 12:47:39,130,J,2,260M9.C,260,330,M,260M9.B,260,340,M,97,3,5,RTG7,0,0,14,14,51,1,56.07692308,4
11510767,17-JAN-19 10:24:22,2019-01-17,10,17-JAN-19 12:54:18,280,J,2,230N2.C,230,510,N,230N1.B,230,520,N,97,3,4,RTG24,0,5,3,8,53,2,48.81818182,4
11512505,17-JAN-19 15:00:03,2019-01-17,15,17-JAN-19 17:34:52,376,I,2,426E2.B,426,410,E,426E2.B,426,420,E,98,3,13,RTG16,0,2,10,12,49,1,56.29411765,3
11509614,17-JAN-19 07:08:32,2019-01-17,7,17-JAN-19 09:13:42,252,L,2,430M12.B,430,282,M,434M2.E,434,288,M,100,3,3,RTG25,0,0,5,5,15,1,12.83333333,2
11510381,17-JAN-19 09:25:44,2019-01-17,9,17-JAN-19 13:03:15,146,K,2,372M9.D,372,234,M,372M9.B,372,244,M,101,3,4,RTG12,0,9,2,11,52,4,22,4
11510656,17-JAN-19 10:08:01,2019-01-17,10,17-JAN-19 12:17:51,276,J,2,260M9.A,260,476,M,260M9.A,260,486,M,101,3,5,RTG24,0,6,4,10,48,1,56.07692308,4
11511765,17-JAN-19 13:08:41,2019-01-17,13,17-JAN-19 15:24:26,288,J,2,272M8.B,272,476,M,272M8.C,272,486,M,101,3,5,RTG7,0,0,19,19,60,1,47.3,2
11511854,17-JAN-19 13:22:18,2019-01-17,13,17-JAN-19 15:36:43,252,L,2,426M15.B,426,286,M,426M15.A,426,296,M,101,3,3,RTG23,0,0,5,5,41,4,55.25,2
11510229,17-JAN-19 08:58:57,2019-01-17,9,17-JAN-19 11:03:03,334,J,2,484C2.D,484,310,C,484C2.D,484,320,C,102,3,14,RTG7,0,0,3,3,37,2,17.375,3
11512707,17-JAN-19 15:34:45,2019-01-17,16,17-JAN-19 17:47:14,452,I,2,252B3.C,252,660,B,252B3.B,252,670,B,102,3,16,RTG16,0,0,15,15,50,1,42.64705882,2
11512419,17-JAN-19 14:45:28,2019-01-17,15,17-JAN-19 16:58:00,338,L,2,242B7.C,242,556,B,242B7.B,242,566,B,103,3,13,RTG11,0,5,9,14,53,2,57.3125,3
11512964,17-JAN-19 16:32:19,2019-01-17,17,17-JAN-19 18:37:20,455,K,2,411A2.A,411,504,A,411A3.C,411,514,A,103,3,15,RTG5,0,4,10,14,39,1,57.27272727,2
11513015,17-JAN-19 16:45:47,2019-01-17,17,17-JAN-19 19:20:27,187,L,2,439M11.E,439,208,M,439M11.C,439,218,M,103,3,3,RTG20,0,0,6,6,41,1,57,2
11510328,17-JAN-19 09:16:03,2019-01-17,9,17-JAN-19 13:05:38,142,I,2,372M9.A,372,230,M,372M8.C,372,240,M,104,3,6,RTG6,0,0,8,8,35,1,18.85714286,5
11511551,17-JAN-19 12:32:28,2019-01-17,13,17-JAN-19 14:41:26,77,J,2,105D3.B,105,432,D,105D3.B,105,442,D,105,3,13,RTG8,0,0,14,14,54,1,61.66666667,2
11511897,17-JAN-19 13:29:21,2019-01-17,13,17-JAN-19 15:53:27,183,J,2,255B3.C,255,388,B,255B3.C,255,398,B,106,3,15,RTG21,0,3,13,16,65,3,74.77777778,2
11511126,17-JAN-19 11:21:28,2019-01-17,11,17-JAN-19 14:27:08,206,I,2,114B4.A,114,552,B,114B4.A,114,562,B,154,3,16,RTG6,0,0,8,8,32,1,16.83333333,2
11512785,17-JAN-19 15:51:43,2019-01-17,16,17-JAN-19 18:44:48,423,J,2,439M12.A,439,444,M,439M13.B,439,454,M,106,3,5,RTG2,0,0,1,1,63,2,98.42105263,2
11510535,17-JAN-19 09:48:10,2019-01-17,10,17-JAN-19 12:14:37,280,J,2,260M6.D,260,480,M,260M7.D,260,490,M,107,3,5,RTG24,0,2,5,7,48,1,66.9,4
11512547,17-JAN-19 15:07:21,2019-01-17,15,17-JAN-19 17:18:24,110,K,2,114A1.C,114,456,A,114A1.C,114,466,A,107,3,15,RTG5,0,10,9,19,53,3,51.53846154,3
11511327,17-JAN-19 11:57:09,2019-01-17,12,17-JAN-19 14:31:35,87,J,2,451E1.C,451,96,E,451E1.D,451,106,E,108,3,12,RTG8,0,0,13,13,56,3,56.83333333,4
11512449,17-JAN-19 14:51:19,2019-01-17,15,17-JAN-19 17:02:51,114,K,2,334B1.D,334,240,B,334B2.C,334,250,B,108,3,14,RTG5,0,8,8,16,50,3,51.64285714,3
11511131,17-JAN-19 11:21:56,2019-01-17,11,17-JAN-19 12:58:10,327,L,2,149B1.B,149,638,B,149B2.D,149,648,B,60,2,13,RTG9,0,0,7,7,39,1,23.25,2
11511143,17-JAN-19 11:21:57,2019-01-17,11,17-JAN-19 12:30:52,106,L,2,122B1.B,122,444,B,122B2.C,122,454,B,38,2,13,RTG9,0,0,8,8,40,4,23.25,2
11510033,17-JAN-19 08:27:06,2019-01-17,8,17-JAN-19 10:46:24,356,J,2,356B1.C,356,460,B,356B1.C,356,470,B,110,3,15,RTG7,0,0,1,1,31,2,35.63636364,2
11511133,17-JAN-19 11:21:57,2019-01-17,11,17-JAN-19 12:57:18,321,L,2,149B1.C,149,632,B,149B1.A,149,642,B,62,3,13,RTG9,0,0,8,8,40,1,23.25,2
11511841,17-JAN-19 13:20:34,2019-01-17,13,17-JAN-19 16:01:44,72,I,2,430M1.D,430,102,M,430M3.A,430,112,M,110,3,6,RTG6,0,21,0,21,56,3,58.22727273,2
11512183,17-JAN-19 14:13:44,2019-01-17,14,17-JAN-19 16:21:34,434,K,2,114H6.A,114,780,H,114H6.A,114,790,H,110,3,9,RTG20,0,0,19,19,51,3,56,4
11511931,17-JAN-19 13:35:16,2019-01-17,14,17-JAN-19 15:59:19,284,J,2,176B5.B,176,568,B,176B5.A,176,578,B,111,3,15,RTG7,0,0,23,23,68,3,69.2,5
11512203,17-JAN-19 14:16:59,2019-01-17,14,17-JAN-19 16:25:40,430,K,2,430M2.D,430,460,M,430M3.B,430,470,M,111,3,4,RTG20,0,5,15,20,51,1,55.21428571,4
11511270,17-JAN-19 11:22:58,2019-01-17,11,17-JAN-19 13:35:13,226,L,2,272M1.B,272,414,M,272M5.D,272,424,M,109,3,3,RTG25,0,0,6,6,42,1,25.83333333,2
11511431,17-JAN-19 12:15:12,2019-01-17,12,17-JAN-19 14:26:31,435,L,2,241D1.D,241,654,D,241D1.D,241,664,D,112,3,11,RTG11,0,2,1,3,40,1,43,4
11511482,17-JAN-19 12:23:29,2019-01-17,12,17-JAN-19 15:04:54,421,J,2,463B8.B,463,418,B,463B8.A,463,428,B,112,3,15,RTG24,0,2,1,3,58,1,74,4
11511766,17-JAN-19 13:08:56,2019-01-17,13,17-JAN-19 15:50:43,183,J,2,255B3.C,255,388,B,255B3.A,255,398,B,112,3,15,RTG21,0,2,12,14,61,1,47.3,2
11512479,17-JAN-19 14:56:04,2019-01-17,15,17-JAN-19 17:41:18,288,J,2,242B6.C,242,506,B,242B4.B,242,516,B,112,3,15,RTG24,0,9,2,11,66,1,94.05882353,3
11509585,17-JAN-19 07:04:29,2019-01-17,7,17-JAN-19 10:07:33,427,J,2,453E6.B,453,434,E,453E6.A,453,444,E,113,3,12,RTG24,0,0,1,1,10,3,12.83333333,2
11512275,17-JAN-19 14:24:51,2019-01-17,14,17-JAN-19 16:43:40,106,L,2,302D4.A,302,264,D,302D4.A,302,274,D,113,3,11,RTG23,0,12,1,13,50,1,43.08333333,4
11512641,17-JAN-19 15:21:19,2019-01-17,15,17-JAN-19 17:42:48,245,K,2,245B2.A,245,460,B,245B2.A,245,470,B,114,3,14,RTG20,0,6,13,19,62,2,52.44444444,3
11511302,17-JAN-19 11:48:37,2019-01-17,12,17-JAN-19 14:22:36,314,K,2,438E3.C,438,336,E,438E3.D,438,346,E,117,3,11,RTG13,0,0,5,5,21,1,32.58333333,3
11511458,17-JAN-19 12:18:53,2019-01-17,12,17-JAN-19 15:03:26,367,J,2,255B4.A,255,572,B,255B5.D,255,582,B,118,3,15,RTG7,0,8,1,9,57,1,76.18181818,4
11512910,17-JAN-19 16:19:29,2019-01-17,16,17-JAN-19 18:42:16,434,K,2,222B1.A,222,672,B,222B1.A,222,682,B,119,3,14,RTG5,0,2,12,14,41,2,45.95833333,2
11511907,17-JAN-19 13:31:47,2019-01-17,14,17-JAN-19 16:26:48,115,I,2,463B4.A,463,112,B,463B5.D,463,122,B,121,3,16,RTG14,0,0,6,6,51,1,57.96428571,4
11512993,17-JAN-19 16:40:09,2019-01-17,17,17-JAN-19 19:18:36,465,I,2,411A2.D,411,514,A,411A2.B,411,524,A,122,3,17,RTG14,0,12,6,18,42,1,52.7,2
11509726,17-JAN-19 07:30:56,2019-01-17,8,17-JAN-19 10:37:00,352,K,2,306B2.A,306,506,B,172B7.C,172,650,B,123,3,14,RTG5,0,0,1,1,19,2,27.8,2
11511717,17-JAN-19 13:01:08,2019-01-17,13,17-JAN-19 15:44:49,284,J,2,176B7.B,176,568,B,176B7.A,176,578,B,124,3,15,RTG7,0,0,17,17,59,4,60.4,2
11511792,17-JAN-19 13:13:22,2019-01-17,13,17-JAN-19 16:22:55,280,J,2,342E3.C,342,398,E,342E3.C,342,408,E,124,3,12,RTG7,0,0,20,20,65,1,49,2
11512431,17-JAN-19 14:48:10,2019-01-17,15,17-JAN-19 18:48:59,417,K,2,439M15.A,439,438,M,439M15.A,439,448,M,124,3,4,RTG5,0,0,14,14,51,1,45.53846154,3
11512842,17-JAN-19 16:05:17,2019-01-17,16,17-JAN-19 19:24:34,167,J,2,439M12.C,439,188,M,439M12.D,439,198,M,124,3,5,RTG9,0,0,4,4,61,1,87.38461538,2
11511432,17-JAN-19 12:15:06,2019-01-17,12,17-JAN-19 14:54:38,322,J,2,272M8.E,272,510,M,272M8.B,272,520,M,125,3,5,RTG21,0,0,16,16,58,2,58.9,4
11511359,17-JAN-19 12:03:17,2019-01-17,12,17-JAN-19 14:49:33,318,J,2,272M8.A,272,506,M,272M7.E,272,516,M,126,3,5,RTG21,0,0,10,10,58,2,56.83333333,4
11512226,17-JAN-19 14:19:50,2019-01-17,14,17-JAN-19 16:44:47,126,K,2,164F4.C,164,422,F,164F4.C,164,432,F,126,3,10,RTG5,0,11,3,14,53,2,52.8,4
11512872,17-JAN-19 16:11:28,2019-01-17,16,17-JAN-19 19:22:16,202,J,2,122B1.B,122,540,B,122B1.B,122,550,B,126,3,15,RTG7,0,0,21,21,61,1,78.5,2
11512983,17-JAN-19 16:37:28,2019-01-17,17,17-JAN-19 19:26:36,175,J,2,411A2.C,411,224,A,411A2.A,411,234,A,126,3,16,RTG9,0,0,5,5,58,4,70.06666667,2
11511278,17-JAN-19 11:44:28,2019-01-17,12,17-JAN-19 14:51:32,75,J,2,105D4.B,105,430,D,105D4.C,105,440,D,127,3,13,RTG8,0,0,12,12,57,2,74.33333333,4
11512314,17-JAN-19 14:30:07,2019-01-17,15,17-JAN-19 17:27:28,102,J,2,172B1.C,172,390,B,172B1.C,172,400,B,127,3,15,RTG7,0,28,2,30,70,1,96.30769231,3
11512396,17-JAN-19 14:42:57,2019-01-17,15,17-JAN-19 17:16:00,134,J,2,452B4.D,452,142,B,452B4.D,452,152,B,129,3,15,RTG7,0,23,6,29,68,1,81.83333333,3
11512854,17-JAN-19 16:08:15,2019-01-17,16,17-JAN-19 19:39:02,173,L,2,439M12.D,439,194,M,439M12.A,439,204,M,129,3,3,RTG20,0,0,3,3,44,2,33.9375,2
11512213,17-JAN-19 14:17:35,2019-01-17,14,17-JAN-19 17:00:12,171,J,2,277B1.C,277,354,B,277B1.C,277,364,B,130,3,15,RTG7,0,24,5,29,71,4,109.9,5
11511152,17-JAN-19 11:24:53,2019-01-17,11,17-JAN-19 13:14:13,225,J,2,255B7.C,255,430,B,255B7.C,255,440,B,40,2,15,RTG7,0,2,17,19,49,1,58.36363636,2
11511158,17-JAN-19 11:25:51,2019-01-17,11,17-JAN-19 13:09:15,160,K,2,468C4.A,468,152,C,468C5.D,468,162,C,70,3,13,RTG12,0,0,4,4,22,1,20.36363636,2
11511310,17-JAN-19 11:53:21,2019-01-17,12,17-JAN-19 14:40:13,206,I,2,272M1.B,272,394,M,272M7.B,272,404,M,134,3,6,RTG6,0,0,16,16,40,1,29.875,4
11512881,17-JAN-19 16:13:25,2019-01-17,16,17-JAN-19 19:11:05,127,J,2,411A4.D,411,176,A,411A4.C,411,186,A,136,3,16,RTG10,0,0,10,10,60,1,77.26666667,2
11513002,17-JAN-19 16:41:59,2019-01-17,17,17-JAN-19 19:20:06,138,L,2,452B1.C,452,146,B,452B2.C,452,156,B,139,3,13,RTG20,0,0,5,5,42,2,54.5,2
11511481,17-JAN-19 12:23:42,2019-01-17,12,17-JAN-19 15:29:58,272,J,2,430M4.C,430,302,M,430M7.E,430,312,M,141,3,5,RTG7,0,3,7,10,58,3,74.71428571,4
11512369,17-JAN-19 14:38:38,2019-01-17,15,17-JAN-19 19:34:34,102,L,2,430M1.B,430,132,M,430M3.D,430,142,M,141,3,3,RTG20,0,0,1,1,53,2,58.83333333,3
11510399,17-JAN-19 09:28:40,2019-01-17,9,17-JAN-19 12:11:02,276,J,2,306B2.D,306,430,B,306B2.C,306,440,B,142,3,15,RTG24,0,7,0,7,41,2,48.2,3
11511394,17-JAN-19 12:08:17,2019-01-17,12,17-JAN-19 15:22:00,302,J,2,272M9.A,272,490,M,272M8.A,272,500,M,142,3,5,RTG21,0,0,11,11,56,2,46.375,4
11510810,17-JAN-19 10:29:50,2019-01-17,10,17-JAN-19 13:59:24,75,J,2,381F2.A,381,154,F,381F2.A,381,164,F,145,3,11,RTG8,0,7,1,8,52,4,49.46153846,4
11512501,17-JAN-19 14:59:02,2019-01-17,15,17-JAN-19 17:47:58,414,L,2,242B6.D,242,632,B,242B6.C,242,642,B,147,3,13,RTG23,0,1,14,15,51,1,44.25,3
11511238,17-JAN-19 11:37:42,2019-01-17,12,17-JAN-19 15:08:31,356,J,2,272M8.B,272,544,M,272M6.E,272,554,M,150,3,5,RTG7,0,7,12,19,54,1,67,4
11510747,17-JAN-19 10:21:33,2019-01-17,10,17-JAN-19 13:38:39,257,K,2,107D4.B,107,610,D,107D4.B,107,620,D,151,3,12,RTG12,0,0,1,1,33,3,50.73076923,4
11510678,17-JAN-19 10:10:38,2019-01-17,10,17-JAN-19 14:17:49,85,J,2,149B1.D,149,396,B,149B1.C,149,406,B,153,3,15,RTG8,0,10,4,14,52,1,56.07692308,4
11511162,17-JAN-19 11:26:48,2019-01-17,11,17-JAN-19 12:39:15,171,J,2,255B7.D,255,376,B,255B6.A,255,386,B,33,2,15,RTG7,0,6,13,19,50,3,58.36363636,2
11511164,17-JAN-19 11:27:09,2019-01-17,11,17-JAN-19 14:05:01,159,I,2,255B6.A,255,364,B,255B7.D,255,374,B,132,3,16,RTG6,0,0,9,9,32,1,19.1,2
11511169,17-JAN-19 11:27:32,2019-01-17,11,17-JAN-19 12:54:45,225,J,2,417B2.A,417,268,B,417B2.B,417,278,B,43,2,15,RTG7,0,2,18,20,51,2,60.7,2
11511525,17-JAN-19 12:29:25,2019-01-17,12,17-JAN-19 15:50:04,464,H,2,356B7.D,356,568,B,356B7.D,356,578,B,155,3,17,RTG4,0,4,7,11,17,1,49.8,2
11513031,17-JAN-19 16:49:57,2019-01-17,17,17-JAN-19 19:51:18,106,I,2,114B5.A,114,452,B,114B5.A,114,462,B,156,3,16,RTG20,0,0,4,4,38,2,60.4,2
11511918,17-JAN-19 13:33:13,2019-01-17,14,17-JAN-19 17:29:00,91,J,2,255B3.D,255,296,B,255B1.D,255,306,B,162,3,15,RTG7,0,0,22,22,65,1,69.2,5
11512859,17-JAN-19 16:09:29,2019-01-17,16,17-JAN-19 19:12:40,206,J,2,122H4.B,122,544,H,122H3.D,122,554,H,163,3,10,RTG7,0,0,20,20,61,1,79.92307692,2
11510677,17-JAN-19 10:10:30,2019-01-17,10,17-JAN-19 13:50:10,339,I,2,257B2.C,257,542,B,257B2.C,257,552,B,166,3,16,RTG10,0,1,1,2,31,2,24.86363636,5
11512562,17-JAN-19 15:09:20,2019-01-17,15,17-JAN-19 18:26:10,91,J,2,259N3.D,259,292,N,259N4.A,259,302,N,166,3,4,RTG10,0,0,3,3,67,3,98.38888889,3
11511173,17-JAN-19 11:28:06,2019-01-17,11,17-JAN-19 13:04:49,161,I,2,417B2.B,417,204,B,417B2.A,417,214,B,60,2,16,RTG6,0,0,10,10,34,1,20.11111111,2
11512778,17-JAN-19 15:50:38,2019-01-17,16,17-JAN-19 19:12:34,177,J,2,271B1.B,271,366,B,271B1.B,271,376,B,171,3,15,RTG9,0,0,2,2,63,1,97.66666667,2
11511818,17-JAN-19 13:17:00,2019-01-17,13,17-JAN-19 17:20:23,121,J,2,381A4.D,381,200,A,381A4.C,381,210,A,173,3,16,RTG7,0,0,21,21,65,1,65.88888889,2
11512687,17-JAN-19 15:13:17,2019-01-17,15,17-JAN-19 18:52:28,146,J,2,122B1.D,122,484,B,122B2.C,122,494,B,173,3,15,RTG10,0,0,4,4,68,1,105.9285714,3
11512604,17-JAN-19 15:15:17,2019-01-17,15,17-JAN-19 19:02:28,272,J,2,160D1.D,160,572,D,160D1.D,160,582,D,176,3,13,RTG9,0,0,1,1,70,1,105.9285714,3
11511176,17-JAN-19 11:28:26,2019-01-17,11,17-JAN-19 12:28:51,402,I,2,272M7.B,272,590,M,272M5.E,272,600,M,19,1,6,RTG16,0,0,6,6,35,1,20.11111111,2
11511757,17-JAN-19 13:07:53,2019-01-17,13,17-JAN-19 17:37:23,91,J,2,289A1.D,289,262,A,289A1.D,289,272,A,194,3,16,RTG7,0,0,18,18,60,2,50,2
11511184,17-JAN-19 11:28:54,2019-01-17,11,17-JAN-19 14:19:45,80,J,2,122B1.D,122,418,B,122B2.D,122,428,B,154,3,15,RTG8,0,0,10,10,52,2,60.7,2
11510469,17-JAN-19 09:39:18,2019-01-17,10,17-JAN-19 13:40:10,83,J,2,277B1.C,277,266,B,277B1.A,277,276,B,209,3,15,RTG8,0,2,15,17,47,2,66.85714286,4
11511756,17-JAN-19 13:07:45,2019-01-17,13,17-JAN-19 17:32:58,288,J,2,176B6.B,176,572,B,176B6.B,176,582,B,220,3,15,RTG24,0,0,4,4,59,1,50,2
11512179,17-JAN-19 14:13:11,2019-01-17,14,17-JAN-19 18:31:59,75,J,2,277B1.B,277,258,B,277B1.B,277,268,B,228,3,15,RTG10,0,0,3,3,69,2,107.5,5
